RESPID,Country,Interview_year,sex,age,parents_status,closeness_to_siblings,living with partner_opositeSex,engage_or_considering_marriage,desire_toMarriage_soon,how_often_dated_last_month,how_often_used_tobacco_past12Months,Ideal_school_goal,Importance_of_religion,Ever_tried_nonPrescribed_Drugs,Ever_tried_Cocaine,DivorcedGroup_Used_Drugs_Alcohol_toFeelBetter
1,United States,1992,Male,18,Divorced,QUITE CLOSE,No,Yes,MARRY SOMETIME,NOT AT ALL,No Answer,DO NOT KNOW,REFUSE TO ANSWER,REFUSE TO ANSWER,REFUSE TO ANSWER,NEVER
2,United States,1992,Male,20,Divorced,QUITE CLOSE,No,No,NEVER MARRY,ONCE OR TWICE A WEEK,NOT AT ALL,"GET A PROFESSIONAL DEGREE (E.G., LAW, MEDICINE, PHD)",VERY IMPORTANT,REFUSE TO ANSWER,REFUSE TO ANSWER,OFTEN
3,United States,1992,Male,21,Divorced,No Answer,No,No,MARRY SOMETIME,ALMOST EVERYDAY,NOT AT ALL,GRADUATE FROM COLLEGE,FAIRLY IMPORTANT,REFUSE TO ANSWER,REFUSE TO ANSWER,NEVER
4,United States,1992,Male,19,Divorced,FAIRLY CLOSE,No,No,MARRY SOMETIME,ONCE OR TWICE THIS MONTH,DAILY,DO NOT KNOW,REFUSE TO ANSWER,REFUSE TO ANSWER,REFUSE TO ANSWER,NEVER
5,United States,1992,Male,20,Divorced,FAIRLY CLOSE,No,No,MARRY SOMETIME,ONCE OR TWICE THIS MONTH,NOT AT ALL,STOP AFTER GRADUATING HIGH SCHOOL,FAIRLY IMPORTANT,No,No,SOMETIMES
6,United States,1992,Male,22,Divorced,QUITE CLOSE,No Answer,No answer,No Answer,No Answer,DAILY,GET A MASTER'S DEGREE OR MBA,FAIRLY IMPORTANT,REFUSE TO ANSWER,REFUSE TO ANSWER,SOMETIMES
7,United States,1992,Male,18,Divorced,FAIRLY CLOSE,No,No,NEVER MARRY,ONCE OR TWICE A WEEK,DAILY,OTHER,FAIRLY IMPORTANT,Yes,Yes,NEVER
8,United States,1992,Male,18,Divorced,QUITE CLOSE,No,Yes,MARRY SOMETIME,ALMOST EVERYDAY,NOT AT ALL,GET A MASTER'S DEGREE OR MBA,FAIRLY IMPORTANT,No,No,NEVER
9,United States,1992,Male,21,Divorced,FAIRLY CLOSE,Yes,Yes,MARRY FAIRLY SOON,No Answer,NOT AT ALL,GET A MASTER'S DEGREE OR MBA,FAIRLY UNIMPORTANT,No,No,NEVER
10,United States,1992,Male,20,Divorced,QUITE CLOSE,No,No,MARRY SOMETIME,ONCE OR TWICE A WEEK,ONCE A MONTH,GRADUATE FROM COLLEGE,FAIRLY UNIMPORTANT,No,No,SOMETIMES
11,United States,1992,Female,22,Divorced,EXTREMELY CLOSE,No,Yes,MARRY SOMETIME,ALMOST EVERYDAY,ONCE A MONTH,"GET A PROFESSIONAL DEGREE (E.G., LAW, MEDICINE, PHD)",VERY IMPORTANT,Yes,No,OFTEN
12,United States,1992,Female,20,Divorced,EXTREMELY CLOSE,No Answer,No answer,No Answer,No Answer,NOT AT ALL,STOP AFTER GRADUATING HIGH SCHOOL,FAIRLY IMPORTANT,No,No,NEVER
13,United States,1992,Female,20,Divorced,NOT CLOSE AT ALL,No,No,MARRY SOMETIME,ALMOST EVERYDAY,DAILY,"GET A PROFESSIONAL DEGREE (E.G., LAW, MEDICINE, PHD)",FAIRLY UNIMPORTANT,REFUSE TO ANSWER,REFUSE TO ANSWER,NEVER
14,United States,1992,Male,22,Divorced,EXTREMELY CLOSE,No,No,NEVER MARRY,ONCE OR TWICE A WEEK,ONCE A MONTH,GET A MASTER'S DEGREE OR MBA,FAIRLY UNIMPORTANT,No,Yes,NEVER
15,United States,1992,Female,21,Divorced,FAIRLY CLOSE,No,No,MARRY SOMETIME,ALMOST EVERYDAY,ONCE A MONTH,GET A MASTER'S DEGREE OR MBA,FAIRLY UNIMPORTANT,REFUSE TO ANSWER,REFUSE TO ANSWER,SOMETIMES
16,United States,1992,Female,18,Divorced,QUITE CLOSE,No,No,NEVER MARRY,ONCE OR TWICE A WEEK,LESS THAN MONTHLY,DO NOT KNOW,REFUSE TO ANSWER,REFUSE TO ANSWER,REFUSE TO ANSWER,NEVER
17,United States,1992,Female,20,Divorced,EXTREMELY CLOSE,No,Yes,MARRY SOMETIME,ALMOST EVERYDAY,No Answer,"GET A PROFESSIONAL DEGREE (E.G., LAW, MEDICINE, PHD)",FAIRLY UNIMPORTANT,No,No,HARDLY EVER
18,United States,1992,Female,20,Divorced,QUITE CLOSE,Yes,Yes,MARRY SOMETIME,No Answer,NOT AT ALL,"GET A PROFESSIONAL DEGREE (E.G., LAW, MEDICINE, PHD)",FAIRLY IMPORTANT,No,No,NEVER
19,United States,1992,Female,20,Divorced,FAIRLY CLOSE,No,No,MARRY FAIRLY SOON,ONCE OR TWICE A WEEK,ONCE A WEEK,GET A MASTER'S DEGREE OR MBA,FAIRLY IMPORTANT,No,No,NEVER
20,United States,1992,Female,19,Divorced,No Answer,No,No,MARRY SOMETIME,ONCE OR TWICE THIS MONTH,DAILY,GRADUATE FROM COLLEGE,FAIRLY IMPORTANT,Yes,No,NEVER
21,United States,1992,Female,20,Divorced,FAIRLY CLOSE,No,No,MARRY SOMETIME,ONCE OR TWICE A WEEK,LESS THAN MONTHLY,GET A MASTER'S DEGREE OR MBA,VERY IMPORTANT,No,No,NEVER
22,United States,1992,Female,19,Divorced,QUITE CLOSE,No,No,MARRY SOMETIME,ONCE OR TWICE THIS MONTH,No Answer,"GET A PROFESSIONAL DEGREE (E.G., LAW, MEDICINE, PHD)",FAIRLY IMPORTANT,No,No,NEVER
23,United States,1992,Female,18,Divorced,QUITE CLOSE,No,Yes,MARRY SOMETIME,ONCE OR TWICE A WEEK,No Answer,"GET A PROFESSIONAL DEGREE (E.G., LAW, MEDICINE, PHD)",FAIRLY UNIMPORTANT,No,No,NEVER
24,United States,1992,Female,20,Divorced,FAIRLY CLOSE,No Answer,No answer,No Answer,No Answer,NOT AT ALL,GRADUATE FROM COLLEGE,FAIRLY IMPORTANT,No,No,HARDLY EVER
25,United States,1992,Female,18,Divorced,EXTREMELY CLOSE,No,No,MARRY SOMETIME,ONCE OR TWICE A WEEK,NOT AT ALL,"GET A PROFESSIONAL DEGREE (E.G., LAW, MEDICINE, PHD)",VERY IMPORTANT,No,No,NEVER
26,United States,1992,Female,22,Divorced,FAIRLY CLOSE,No,No,NEVER MARRY,ONCE OR TWICE A WEEK,LESS THAN MONTHLY,"GET A PROFESSIONAL DEGREE (E.G., LAW, MEDICINE, PHD)",NOT IMPORTANT AT ALL,No,No,HARDLY EVER
27,United States,1992,Female,21,Divorced,EXTREMELY CLOSE,No,No,MARRY SOMETIME,ONCE OR TWICE THIS MONTH,No Answer,GRADUATE FROM COLLEGE,FAIRLY IMPORTANT,No,No,OFTEN
28,United States,1992,Female,22,Divorced,EXTREMELY CLOSE,No,No,MARRY FAIRLY SOON,NOT AT ALL,NOT AT ALL,GRADUATE FROM COLLEGE,VERY IMPORTANT,No,No,NEVER
29,United States,1992,Female,21,Divorced,FAIRLY CLOSE,No Answer,No answer,No Answer,No Answer,NOT AT ALL,GRADUATE FROM COLLEGE,FAIRLY IMPORTANT,No,No,NEVER
30,United States,1992,Female,18,Divorced,EXTREMELY CLOSE,No,No,MARRY SOMETIME,ONCE OR TWICE A WEEK,ONCE A WEEK,"GET A PROFESSIONAL DEGREE (E.G., LAW, MEDICINE, PHD)",FAIRLY IMPORTANT,No,No,NEVER
31,United States,1992,Female,20,Divorced,QUITE CLOSE,No,No,MARRY SOMETIME,NOT AT ALL,No Answer,ATTEND COLLEGE FOR 2 YEARS,FAIRLY IMPORTANT,No,No,SOMETIMES
32,United States,1992,Female,21,Divorced,FAIRLY CLOSE,No,No,MARRY SOMETIME,ALMOST EVERYDAY,NOT AT ALL,GRADUATE FROM COLLEGE,NOT IMPORTANT AT ALL,No,REFUSE TO ANSWER,NEVER
33,United States,1992,Male,19,Divorced,QUITE CLOSE,No,No,MARRY SOMETIME,ONCE OR TWICE A WEEK,LESS THAN MONTHLY,GET A MASTER'S DEGREE OR MBA,VERY IMPORTANT,No,No,NEVER
34,United States,1992,Female,19,Divorced,EXTREMELY CLOSE,No,No,MARRY SOMETIME,ONCE OR TWICE THIS MONTH,LESS THAN MONTHLY,GET A MASTER'S DEGREE OR MBA,FAIRLY IMPORTANT,No,No,NEVER
35,United States,1992,Female,19,Divorced,EXTREMELY CLOSE,No,No,MARRY SOMETIME,ONCE OR TWICE THIS MONTH,NOT AT ALL,GET A MASTER'S DEGREE OR MBA,NOT IMPORTANT AT ALL,No,No,NEVER
36,United States,1992,Female,23,Divorced,EXTREMELY CLOSE,No,No,MARRY SOMETIME,ONCE OR TWICE A WEEK,DAILY,OTHER,FAIRLY UNIMPORTANT,Yes,REFUSE TO ANSWER,SOMETIMES
37,United States,1992,Female,22,Divorced,FAIRLY CLOSE,No Answer,No answer,No Answer,No Answer,LESS THAN MONTHLY,GET A MASTER'S DEGREE OR MBA,VERY IMPORTANT,No,No,NEVER
38,United States,1992,Male,19,Divorced,EXTREMELY CLOSE,No,No,MARRY SOMETIME,ONCE OR TWICE A WEEK,No Answer,DO NOT KNOW,REFUSE TO ANSWER,REFUSE TO ANSWER,REFUSE TO ANSWER,NEVER
39,United States,1992,Male,21,Divorced,FAIRLY CLOSE,No,Yes,MARRY SOMETIME,ALMOST EVERYDAY,DAILY,ATTEND COLLEGE FOR A YEAR,FAIRLY UNIMPORTANT,No,No,NEVER
40,United States,1992,Male,19,Divorced,FAIRLY CLOSE,No,No,MARRY SOMETIME,ONCE OR TWICE THIS MONTH,DAILY,GRADUATE FROM COLLEGE,VERY IMPORTANT,Yes,No,NEVER
41,United States,1992,Male,23,Divorced,QUITE CLOSE,No,Yes,MARRY SOMETIME,ONCE OR TWICE A WEEK,No Answer,GET A MASTER'S DEGREE OR MBA,FAIRLY IMPORTANT,No,No,NEVER
42,United States,1992,Male,20,Divorced,QUITE CLOSE,No,No,MARRY SOMETIME,ONCE OR TWICE A WEEK,LESS THAN MONTHLY,DO NOT KNOW,REFUSE TO ANSWER,REFUSE TO ANSWER,REFUSE TO ANSWER,HARDLY EVER
43,United States,1992,Female,21,Divorced,NOT CLOSE AT ALL,No,No,MARRY SOMETIME,ALMOST EVERYDAY,DAILY,DO NOT KNOW,REFUSE TO ANSWER,REFUSE TO ANSWER,REFUSE TO ANSWER,SOMETIMES
44,United States,1992,Female,18,Divorced,EXTREMELY CLOSE,No,No,MARRY SOMETIME,ONCE OR TWICE THIS MONTH,NOT AT ALL,GET A MASTER'S DEGREE OR MBA,NOT IMPORTANT AT ALL,Yes,No,NEVER
45,United States,1992,Female,18,Divorced,EXTREMELY CLOSE,No,No,NEVER MARRY,ONCE OR TWICE THIS MONTH,ONCE A WEEK,GET A MASTER'S DEGREE OR MBA,FAIRLY UNIMPORTANT,No,No,SOMETIMES
46,United States,1992,Female,20,Divorced,FAIRLY CLOSE,No Answer,No answer,No Answer,No Answer,ONCE A WEEK,GRADUATE FROM COLLEGE,VERY IMPORTANT,Yes,Yes,NEVER
48,United States,1992,Female,20,Divorced,FAIRLY CLOSE,No,No,MARRY SOMETIME,ONCE OR TWICE THIS MONTH,ONCE A WEEK,"GET A PROFESSIONAL DEGREE (E.G., LAW, MEDICINE, PHD)",FAIRLY UNIMPORTANT,Yes,Yes,NEVER
49,United States,1992,Male,22,Divorced,FAIRLY CLOSE,No,No,MARRY SOMETIME,LESS THAN ONCE THIS MONTH,DAILY,GRADUATE FROM COLLEGE,FAIRLY UNIMPORTANT,No,No,NEVER
50,United States,1992,Female,20,Divorced,QUITE CLOSE,Yes,Yes,MARRY SOMETIME,No Answer,DAILY,GRADUATE FROM COLLEGE,FAIRLY UNIMPORTANT,REFUSE TO ANSWER,REFUSE TO ANSWER,SOMETIMES
51,United States,1992,Male,19,Divorced,QUITE CLOSE,No,No,NEVER MARRY,NOT AT ALL,DAILY,"GET A PROFESSIONAL DEGREE (E.G., LAW, MEDICINE, PHD)",FAIRLY UNIMPORTANT,No,Yes,OFTEN
52,United States,1992,Female,22,Divorced,No Answer,No,No,MARRY SOMETIME,ONCE OR TWICE THIS MONTH,NOT AT ALL,"GET A PROFESSIONAL DEGREE (E.G., LAW, MEDICINE, PHD)",FAIRLY IMPORTANT,No,No,HARDLY EVER
53,United States,1992,Male,20,Divorced,QUITE CLOSE,No,No,MARRY SOMETIME,ONCE OR TWICE THIS MONTH,DAILY,GET A MASTER'S DEGREE OR MBA,FAIRLY UNIMPORTANT,REFUSE TO ANSWER,REFUSE TO ANSWER,NEVER
54,United States,1992,Female,18,Divorced,EXTREMELY CLOSE,No,No,MARRY SOMETIME,ONCE OR TWICE A WEEK,NOT AT ALL,GET A MASTER'S DEGREE OR MBA,FAIRLY IMPORTANT,No,No,NEVER
56,United States,1992,Male,20,Divorced,QUITE CLOSE,No,No,MARRY SOMETIME,ONCE OR TWICE A WEEK,DAILY,GRADUATE FROM COLLEGE,FAIRLY UNIMPORTANT,No,No,NEVER
57,United States,1992,Male,20,Divorced,EXTREMELY CLOSE,No,No,MARRY SOMETIME,ALMOST EVERYDAY,No Answer,GRADUATE FROM COLLEGE,FAIRLY IMPORTANT,No,No,NEVER
59,United States,1992,Female,21,Divorced,NOT CLOSE AT ALL,No,Yes,MARRY SOMETIME,ALMOST EVERYDAY,NOT AT ALL,GET A MASTER'S DEGREE OR MBA,FAIRLY IMPORTANT,No,No,NEVER
60,United States,1992,Male,20,Divorced,QUITE CLOSE,No,No,MARRY SOMETIME,NOT AT ALL,NOT AT ALL,"GET A PROFESSIONAL DEGREE (E.G., LAW, MEDICINE, PHD)",VERY IMPORTANT,No,No,NEVER
61,United States,1992,Male,19,Divorced,EXTREMELY CLOSE,No,No,MARRY SOMETIME,ONCE OR TWICE A WEEK,LESS THAN MONTHLY,GET A MASTER'S DEGREE OR MBA,FAIRLY UNIMPORTANT,REFUSE TO ANSWER,No,NEVER
62,United States,1992,Male,22,Divorced,QUITE CLOSE,Yes,No,MARRY SOMETIME,No Answer,LESS THAN MONTHLY,GET A MASTER'S DEGREE OR MBA,NOT IMPORTANT AT ALL,REFUSE TO ANSWER,REFUSE TO ANSWER,HARDLY EVER
64,United States,1992,Male,18,Divorced,No Answer,No,No,MARRY SOMETIME,LESS THAN ONCE THIS MONTH,NOT AT ALL,GET A MASTER'S DEGREE OR MBA,FAIRLY IMPORTANT,No,No,NEVER
65,United States,1992,Male,21,Divorced,EXTREMELY CLOSE,No,No,MARRY FAIRLY SOON,ONCE OR TWICE A WEEK,DAILY,GET A MASTER'S DEGREE OR MBA,FAIRLY UNIMPORTANT,No,No,NEVER
66,United States,1992,Male,18,Divorced,No Answer,No,No,MARRY SOMETIME,ONCE OR TWICE A WEEK,No Answer,DO NOT KNOW,NOT IMPORTANT AT ALL,REFUSE TO ANSWER,No,NEVER
67,United States,1992,Female,19,Divorced,EXTREMELY CLOSE,Yes,Yes,MARRY SOMETIME,No Answer,NOT AT ALL,GRADUATE FROM COLLEGE,FAIRLY IMPORTANT,No,No,NEVER
68,United States,1992,Male,22,Divorced,FAIRLY CLOSE,No,No,MARRY SOMETIME,ONCE OR TWICE A WEEK,LESS THAN MONTHLY,"GET A PROFESSIONAL DEGREE (E.G., LAW, MEDICINE, PHD)",FAIRLY IMPORTANT,Yes,Yes,NEVER
69,United States,1992,Female,20,Divorced,FAIRLY CLOSE,No,No,MARRY SOMETIME,ONCE OR TWICE THIS MONTH,NOT AT ALL,GET A MASTER'S DEGREE OR MBA,FAIRLY IMPORTANT,No,No,NEVER
70,United States,1992,Female,22,Divorced,EXTREMELY CLOSE,Yes,Yes,MARRY FAIRLY SOON,No Answer,NOT AT ALL,GRADUATE FROM COLLEGE,FAIRLY UNIMPORTANT,Yes,No,OFTEN
71,United States,1992,Female,20,Divorced,FAIRLY CLOSE,No Answer,No answer,No Answer,No Answer,DAILY,GRADUATE FROM COLLEGE,FAIRLY IMPORTANT,No,No,HARDLY EVER
72,United States,1992,Male,18,Divorced,EXTREMELY CLOSE,No,No,MARRY SOMETIME,ALMOST EVERYDAY,NOT AT ALL,GET A MASTER'S DEGREE OR MBA,NOT IMPORTANT AT ALL,REFUSE TO ANSWER,No,NEVER
73,United States,1992,Female,22,Divorced,FAIRLY CLOSE,No,No,MARRY SOMETIME,ONCE OR TWICE A WEEK,No Answer,GET A MASTER'S DEGREE OR MBA,DO NOT KNOW,No,No,NEVER
74,United States,1992,Male,20,Divorced,EXTREMELY CLOSE,No,No,MARRY SOMETIME,NOT AT ALL,DAILY,GRADUATE FROM COLLEGE,FAIRLY UNIMPORTANT,REFUSE TO ANSWER,REFUSE TO ANSWER,NEVER
75,United States,1992,Male,19,Divorced,FAIRLY CLOSE,No,Yes,MARRY SOMETIME,ONCE OR TWICE A WEEK,DAILY,DO NOT KNOW,REFUSE TO ANSWER,REFUSE TO ANSWER,REFUSE TO ANSWER,NEVER
76,United States,1992,Female,21,Divorced,EXTREMELY CLOSE,No Answer,No answer,No Answer,No Answer,NOT AT ALL,GET A MASTER'S DEGREE OR MBA,VERY IMPORTANT,No,No,NEVER
77,United States,1992,Male,21,Divorced,EXTREMELY CLOSE,No,Yes,MARRY SOMETIME,ALMOST EVERYDAY,NOT AT ALL,"GET A PROFESSIONAL DEGREE (E.G., LAW, MEDICINE, PHD)",FAIRLY UNIMPORTANT,No,No,SOMETIMES
78,United States,1992,Female,20,Divorced,QUITE CLOSE,No,No,MARRY FAIRLY SOON,ONCE OR TWICE A WEEK,No Answer,"GET A PROFESSIONAL DEGREE (E.G., LAW, MEDICINE, PHD)",VERY IMPORTANT,No,No,NEVER
79,United States,1992,Male,20,Divorced,QUITE CLOSE,No,No,MARRY SOMETIME,ONCE OR TWICE THIS MONTH,NOT AT ALL,GET A MASTER'S DEGREE OR MBA,FAIRLY UNIMPORTANT,Yes,No,NEVER
80,United States,1992,Female,20,Divorced,EXTREMELY CLOSE,No,No,MARRY SOMETIME,ONCE OR TWICE A WEEK,No Answer,"GET A PROFESSIONAL DEGREE (E.G., LAW, MEDICINE, PHD)",FAIRLY UNIMPORTANT,No,No,NEVER
82,United States,1992,Male,20,Divorced,EXTREMELY CLOSE,Yes,Yes,MARRY FAIRLY SOON,No Answer,NOT AT ALL,GRADUATE FROM COLLEGE,FAIRLY IMPORTANT,No,REFUSE TO ANSWER,HARDLY EVER
83,United States,1992,Male,18,Divorced,EXTREMELY CLOSE,No,No,MARRY SOMETIME,ONCE OR TWICE A WEEK,NOT AT ALL,GET A MASTER'S DEGREE OR MBA,FAIRLY IMPORTANT,No,No,SOMETIMES
84,United States,1992,Male,20,Divorced,No Answer,No,No,MARRY SOMETIME,ONCE OR TWICE A WEEK,NOT AT ALL,DO NOT KNOW,REFUSE TO ANSWER,REFUSE TO ANSWER,REFUSE TO ANSWER,NEVER
85,United States,1992,Male,19,Divorced,QUITE CLOSE,No,No,MARRY SOMETIME,ONCE OR TWICE A WEEK,LESS THAN MONTHLY,GET A MASTER'S DEGREE OR MBA,FAIRLY UNIMPORTANT,No,No,NEVER
86,United States,1992,Female,20,Divorced,FAIRLY CLOSE,No,No,MARRY SOMETIME,ONCE OR TWICE A WEEK,NOT AT ALL,OTHER,FAIRLY IMPORTANT,No,No,NEVER
87,United States,1992,Male,19,Divorced,FAIRLY CLOSE,No,Yes,MARRY SOMETIME,ALMOST EVERYDAY,NOT AT ALL,GET A MASTER'S DEGREE OR MBA,FAIRLY IMPORTANT,No,No,NEVER
88,United States,1992,Female,18,Divorced,QUITE CLOSE,No,No,MARRY SOMETIME,ONCE OR TWICE A WEEK,ONCE A MONTH,GET A MASTER'S DEGREE OR MBA,VERY IMPORTANT,No,No,NEVER
89,United States,1992,Female,19,Divorced,EXTREMELY CLOSE,No,No,MARRY SOMETIME,NOT AT ALL,DAILY,GRADUATE FROM COLLEGE,VERY IMPORTANT,No,No,HARDLY EVER
90,United States,1992,Male,22,Divorced,QUITE CLOSE,No,Yes,MARRY SOMETIME,ALMOST EVERYDAY,DAILY,GET A MASTER'S DEGREE OR MBA,FAIRLY IMPORTANT,REFUSE TO ANSWER,REFUSE TO ANSWER,NEVER
91,United States,1992,Female,22,Divorced,FAIRLY CLOSE,No Answer,No answer,No Answer,No Answer,No Answer,GRADUATE FROM COLLEGE,NOT IMPORTANT AT ALL,No,REFUSE TO ANSWER,NEVER
92,United States,1992,Female,23,Divorced,EXTREMELY CLOSE,No,No,MARRY SOMETIME,ONCE OR TWICE THIS MONTH,NOT AT ALL,"GET A PROFESSIONAL DEGREE (E.G., LAW, MEDICINE, PHD)",NOT IMPORTANT AT ALL,No,No,NEVER
93,United States,1992,Male,21,Divorced,EXTREMELY CLOSE,No,No,MARRY SOMETIME,ONCE OR TWICE THIS MONTH,No Answer,GET A MASTER'S DEGREE OR MBA,FAIRLY UNIMPORTANT,No,No,NEVER
94,United States,1992,Male,20,Divorced,EXTREMELY CLOSE,No,No,MARRY SOMETIME,ONCE OR TWICE THIS MONTH,DAILY,DO NOT KNOW,REFUSE TO ANSWER,REFUSE TO ANSWER,REFUSE TO ANSWER,SOMETIMES
95,United States,1992,Male,23,Divorced,QUITE CLOSE,No,No,MARRY SOMETIME,ONCE OR TWICE A WEEK,DAILY,GET A MASTER'S DEGREE OR MBA,VERY IMPORTANT,No,No,HARDLY EVER
96,United States,1992,Female,20,Divorced,QUITE CLOSE,No,Yes,MARRY SOMETIME,ALMOST EVERYDAY,ONCE A WEEK,GRADUATE FROM COLLEGE,NOT IMPORTANT AT ALL,No,No,NEVER
97,United States,1992,Female,19,Divorced,FAIRLY CLOSE,Yes,No,MARRY SOMETIME,No Answer,ONCE A WEEK,GET A MASTER'S DEGREE OR MBA,VERY IMPORTANT,No,No,NEVER
98,United States,1992,Female,19,Divorced,FAIRLY CLOSE,Yes,Yes,MARRY SOMETIME,No Answer,DAILY,GRADUATE FROM COLLEGE,FAIRLY UNIMPORTANT,No,No,NEVER
99,United States,1992,Male,21,Divorced,QUITE CLOSE,No,No,MARRY SOMETIME,ONCE OR TWICE A WEEK,LESS THAN MONTHLY,GET A MASTER'S DEGREE OR MBA,FAIRLY UNIMPORTANT,No,No,NEVER
102,United States,1992,Female,20,Still Married,EXTREMELY CLOSE,No,No,MARRY SOMETIME,NOT AT ALL,LESS THAN MONTHLY,GRADUATE FROM COLLEGE,FAIRLY IMPORTANT,No,No,NA
103,United States,1992,Female,21,Divorced,EXTREMELY CLOSE,No,No,MARRY SOMETIME,ALMOST EVERYDAY,NOT AT ALL,"GET A PROFESSIONAL DEGREE (E.G., LAW, MEDICINE, PHD)",FAIRLY UNIMPORTANT,No,No,SOMETIMES
104,United States,1992,Female,18,Divorced,QUITE CLOSE,No,No,MARRY SOMETIME,ONCE OR TWICE THIS MONTH,DAILY,GET A MASTER'S DEGREE OR MBA,FAIRLY UNIMPORTANT,No,No,SOMETIMES
105,United States,1992,Female,19,Divorced,NOT CLOSE AT ALL,No,No,MARRY SOMETIME,NOT AT ALL,No Answer,GRADUATE FROM COLLEGE,FAIRLY UNIMPORTANT,No,No,NEVER
106,United States,1992,Female,21,Divorced,EXTREMELY CLOSE,No,No,MARRY SOMETIME,NOT AT ALL,NOT AT ALL,GET A MASTER'S DEGREE OR MBA,NOT IMPORTANT AT ALL,No,No,NEVER
107,United States,1992,Female,20,Divorced,FAIRLY CLOSE,No,No,MARRY SOMETIME,ONCE OR TWICE A WEEK,LESS THAN MONTHLY,"GET A PROFESSIONAL DEGREE (E.G., LAW, MEDICINE, PHD)",FAIRLY UNIMPORTANT,No,No,NEVER
108,United States,1992,Female,21,Divorced,FAIRLY CLOSE,No Answer,No answer,No Answer,No Answer,DAILY,REFUSE TO ANSWER,VERY IMPORTANT,No,No,NEVER
109,United States,1992,Female,22,Divorced,QUITE CLOSE,No,No,NEVER MARRY,ONCE OR TWICE THIS MONTH,NOT AT ALL,GET A MASTER'S DEGREE OR MBA,FAIRLY IMPORTANT,No,Yes,NEVER
110,United States,1992,Female,19,Divorced,FAIRLY CLOSE,No,No,MARRY SOMETIME,ONCE OR TWICE THIS MONTH,LESS THAN MONTHLY,"GET A PROFESSIONAL DEGREE (E.G., LAW, MEDICINE, PHD)",FAIRLY UNIMPORTANT,No,No,HARDLY EVER
111,United States,1992,Female,21,Divorced,QUITE CLOSE,Yes,No,NEVER MARRY,No Answer,NOT AT ALL,"GET A PROFESSIONAL DEGREE (E.G., LAW, MEDICINE, PHD)",FAIRLY IMPORTANT,Yes,Yes,HARDLY EVER
113,United States,1992,Female,21,Divorced,QUITE CLOSE,No,Yes,MARRY SOMETIME,NOT AT ALL,No Answer,"GET A PROFESSIONAL DEGREE (E.G., LAW, MEDICINE, PHD)",VERY IMPORTANT,No,No,NEVER
114,United States,1992,Male,21,Divorced,No Answer,No,No,NEVER MARRY,ONCE OR TWICE A WEEK,DAILY,GRADUATE FROM COLLEGE,NOT IMPORTANT AT ALL,Yes,Yes,HARDLY EVER
115,United States,1992,Male,21,Divorced,EXTREMELY CLOSE,No,No,MARRY SOMETIME,ALMOST EVERYDAY,LESS THAN MONTHLY,"GET A PROFESSIONAL DEGREE (E.G., LAW, MEDICINE, PHD)",FAIRLY IMPORTANT,Yes,REFUSE TO ANSWER,NEVER
116,United States,1992,Male,21,Divorced,FAIRLY CLOSE,No,No,MARRY SOMETIME,ONCE OR TWICE A WEEK,LESS THAN MONTHLY,GRADUATE FROM COLLEGE,FAIRLY IMPORTANT,No,No,HARDLY EVER
117,United States,1992,Female,21,Divorced,EXTREMELY CLOSE,No,Yes,MARRY SOMETIME,ONCE OR TWICE A WEEK,DAILY,"GET A PROFESSIONAL DEGREE (E.G., LAW, MEDICINE, PHD)",FAIRLY IMPORTANT,Yes,No,HARDLY EVER
118,United States,1992,Male,19,Divorced,FAIRLY CLOSE,No,Yes,MARRY SOMETIME,ONCE OR TWICE A WEEK,DAILY,GRADUATE FROM COLLEGE,FAIRLY UNIMPORTANT,REFUSE TO ANSWER,REFUSE TO ANSWER,NEVER
119,United States,1992,Female,20,Divorced,FAIRLY CLOSE,No,No,MARRY SOMETIME,NOT AT ALL,ONCE A WEEK,GET A MASTER'S DEGREE OR MBA,VERY IMPORTANT,No,No,SOMETIMES
120,United States,1992,Female,19,Divorced,No Answer,No,No,MARRY SOMETIME,ONCE OR TWICE THIS MONTH,NOT AT ALL,GRADUATE FROM COLLEGE,NOT IMPORTANT AT ALL,No,No,NEVER
121,United States,1992,Female,22,Divorced,FAIRLY CLOSE,No,No,NEVER MARRY,ONCE OR TWICE A WEEK,NOT AT ALL,"GET A PROFESSIONAL DEGREE (E.G., LAW, MEDICINE, PHD)",FAIRLY IMPORTANT,No,REFUSE TO ANSWER,HARDLY EVER
122,United States,1992,Female,20,Divorced,EXTREMELY CLOSE,No,Yes,MARRY SOMETIME,ALMOST EVERYDAY,No Answer,DO NOT KNOW,REFUSE TO ANSWER,REFUSE TO ANSWER,REFUSE TO ANSWER,NA
123,United States,1992,Female,20,Divorced,QUITE CLOSE,No,No,MARRY FAIRLY SOON,ALMOST EVERYDAY,ONCE A WEEK,GET A MASTER'S DEGREE OR MBA,FAIRLY IMPORTANT,No,Yes,NEVER
124,United States,1992,Female,22,Divorced,QUITE CLOSE,No,Yes,MARRY SOMETIME,ONCE OR TWICE A WEEK,LESS THAN MONTHLY,GET A MASTER'S DEGREE OR MBA,FAIRLY IMPORTANT,No,No,NEVER
126,United States,1992,Male,21,Divorced,QUITE CLOSE,No,No answer,No Answer,No Answer,DAILY,DO NOT KNOW,REFUSE TO ANSWER,REFUSE TO ANSWER,REFUSE TO ANSWER,NEVER
127,United States,1992,Female,19,Divorced,EXTREMELY CLOSE,No,Yes,MARRY SOMETIME,ONCE OR TWICE A WEEK,DAILY,"GET A PROFESSIONAL DEGREE (E.G., LAW, MEDICINE, PHD)",FAIRLY UNIMPORTANT,REFUSE TO ANSWER,REFUSE TO ANSWER,NEVER
128,United States,1992,Female,22,Divorced,QUITE CLOSE,No,No,MARRY FAIRLY SOON,ONCE OR TWICE A WEEK,NOT AT ALL,"GET A PROFESSIONAL DEGREE (E.G., LAW, MEDICINE, PHD)",FAIRLY IMPORTANT,No,No,SOMETIMES
130,United States,1992,Female,22,Divorced,FAIRLY CLOSE,No Answer,No answer,No Answer,No Answer,No Answer,"GET A PROFESSIONAL DEGREE (E.G., LAW, MEDICINE, PHD)",NOT IMPORTANT AT ALL,REFUSE TO ANSWER,No,NEVER
131,United States,1992,Female,20,Divorced,EXTREMELY CLOSE,No,No,MARRY SOMETIME,ONCE OR TWICE THIS MONTH,No Answer,GET A MASTER'S DEGREE OR MBA,VERY IMPORTANT,No,No,NEVER
132,United States,1992,Female,20,Divorced,QUITE CLOSE,No,No,MARRY SOMETIME,ONCE OR TWICE A WEEK,No Answer,GRADUATE FROM COLLEGE,VERY IMPORTANT,No,No,NEVER
133,United States,1992,Female,21,Divorced,EXTREMELY CLOSE,No,No,MARRY SOMETIME,ONCE OR TWICE A WEEK,NOT AT ALL,GET A MASTER'S DEGREE OR MBA,FAIRLY UNIMPORTANT,No,No,NEVER
134,United States,1992,Female,22,Divorced,EXTREMELY CLOSE,No Answer,No answer,No Answer,No Answer,DAILY,"GET A PROFESSIONAL DEGREE (E.G., LAW, MEDICINE, PHD)",VERY IMPORTANT,No,No,NEVER
135,United States,1992,Male,19,Divorced,FAIRLY CLOSE,No,Yes,MARRY SOMETIME,ONCE OR TWICE A WEEK,DAILY,"GET A PROFESSIONAL DEGREE (E.G., LAW, MEDICINE, PHD)",NOT IMPORTANT AT ALL,Yes,Yes,NEVER
136,United States,1992,Male,20,Divorced,EXTREMELY CLOSE,No,Yes,MARRY SOMETIME,ALMOST EVERYDAY,DAILY,STOP AFTER GRADUATING HIGH SCHOOL,NOT IMPORTANT AT ALL,REFUSE TO ANSWER,REFUSE TO ANSWER,NEVER
137,United States,1992,Male,19,Divorced,EXTREMELY CLOSE,No,Yes,MARRY FAIRLY SOON,ONCE OR TWICE A WEEK,ONCE A WEEK,DO NOT KNOW,REFUSE TO ANSWER,REFUSE TO ANSWER,REFUSE TO ANSWER,HARDLY EVER
138,United States,1992,Female,18,Divorced,FAIRLY CLOSE,No,No,MARRY SOMETIME,ONCE OR TWICE THIS MONTH,DAILY,GET A MASTER'S DEGREE OR MBA,FAIRLY UNIMPORTANT,REFUSE TO ANSWER,No,NEVER
139,United States,1992,Female,21,Divorced,EXTREMELY CLOSE,No Answer,No answer,No Answer,No Answer,No Answer,GRADUATE FROM COLLEGE,FAIRLY IMPORTANT,No,No,NEVER
140,United States,1992,Female,22,Divorced,EXTREMELY CLOSE,No,Yes,MARRY SOMETIME,ONCE OR TWICE A WEEK,No Answer,"GET A PROFESSIONAL DEGREE (E.G., LAW, MEDICINE, PHD)",FAIRLY UNIMPORTANT,No,No,NEVER
142,United States,1992,Female,23,Divorced,QUITE CLOSE,No Answer,No answer,No Answer,No Answer,NOT AT ALL,"GET A PROFESSIONAL DEGREE (E.G., LAW, MEDICINE, PHD)",VERY IMPORTANT,No,No,NEVER
143,United States,1992,Female,23,Divorced,QUITE CLOSE,No Answer,No answer,No Answer,No Answer,ONCE A MONTH,GRADUATE FROM COLLEGE,FAIRLY IMPORTANT,No,REFUSE TO ANSWER,HARDLY EVER
144,United States,1992,Male,22,Divorced,EXTREMELY CLOSE,No,No,MARRY SOMETIME,ONCE OR TWICE A WEEK,DAILY,DO NOT KNOW,REFUSE TO ANSWER,REFUSE TO ANSWER,REFUSE TO ANSWER,SOMETIMES
145,United States,1992,Female,23,Divorced,FAIRLY CLOSE,No Answer,No answer,No Answer,No Answer,NOT AT ALL,ATTEND COLLEGE FOR A YEAR,FAIRLY IMPORTANT,No,Yes,HARDLY EVER
146,United States,1992,Female,19,Divorced,QUITE CLOSE,No Answer,No answer,No Answer,No Answer,NOT AT ALL,DO NOT KNOW,REFUSE TO ANSWER,REFUSE TO ANSWER,REFUSE TO ANSWER,NEVER
147,United States,1992,Male,22,Divorced,NOT CLOSE AT ALL,No,No,MARRY SOMETIME,ONCE OR TWICE A WEEK,NOT AT ALL,GET A MASTER'S DEGREE OR MBA,FAIRLY IMPORTANT,REFUSE TO ANSWER,REFUSE TO ANSWER,HARDLY EVER
148,United States,1992,Female,21,Divorced,No Answer,No,No,MARRY SOMETIME,NOT AT ALL,DAILY,GRADUATE FROM COLLEGE,FAIRLY IMPORTANT,No,No,OFTEN
149,United States,1992,Female,19,Still Married,FAIRLY CLOSE,No,No,MARRY SOMETIME,ONCE OR TWICE A WEEK,No Answer,DO NOT KNOW,REFUSE TO ANSWER,REFUSE TO ANSWER,REFUSE TO ANSWER,NA
150,United States,1992,Female,20,Still Married,EXTREMELY CLOSE,No,Yes,MARRY SOMETIME,ONCE OR TWICE A WEEK,DAILY,"GET A PROFESSIONAL DEGREE (E.G., LAW, MEDICINE, PHD)",FAIRLY IMPORTANT,No,No,NA
151,United States,1992,Female,21,Still Married,FAIRLY CLOSE,No,Yes,MARRY SOMETIME,ONCE OR TWICE A WEEK,No Answer,"GET A PROFESSIONAL DEGREE (E.G., LAW, MEDICINE, PHD)",VERY IMPORTANT,No,No,NA
152,United States,1992,Female,21,Still Married,QUITE CLOSE,No,Yes,MARRY SOMETIME,NOT AT ALL,NOT AT ALL,"GET A PROFESSIONAL DEGREE (E.G., LAW, MEDICINE, PHD)",VERY IMPORTANT,No,No,NA
153,United States,1992,Female,18,Still Married,FAIRLY CLOSE,No,No,MARRY SOMETIME,ONCE OR TWICE THIS MONTH,No Answer,GET A MASTER'S DEGREE OR MBA,VERY IMPORTANT,No,No,NA
154,United States,1992,Male,21,Still Married,FAIRLY CLOSE,No Answer,No answer,No Answer,No Answer,LESS THAN MONTHLY,"GET A PROFESSIONAL DEGREE (E.G., LAW, MEDICINE, PHD)",VERY IMPORTANT,No,No,NA
155,United States,1992,Female,22,Still Married,QUITE CLOSE,No Answer,No answer,No Answer,No Answer,DAILY,GRADUATE FROM COLLEGE,VERY IMPORTANT,No,No,NA
156,United States,1992,Female,19,Still Married,EXTREMELY CLOSE,No,No,MARRY SOMETIME,ALMOST EVERYDAY,No Answer,GRADUATE FROM COLLEGE,VERY IMPORTANT,No,No,NA
157,United States,1992,Male,20,Divorced,No Answer,Yes,Yes,MARRY SOMETIME,No Answer,DAILY,STOP AFTER GRADUATING HIGH SCHOOL,FAIRLY IMPORTANT,No,REFUSE TO ANSWER,NEVER
158,United States,1992,Female,19,Divorced,No Answer,No,No answer,MARRY SOMETIME,ALMOST EVERYDAY,LESS THAN MONTHLY,GET A MASTER'S DEGREE OR MBA,FAIRLY IMPORTANT,No,No,NEVER
159,United States,1992,Male,22,Divorced,FAIRLY CLOSE,No,No,MARRY SOMETIME,ONCE OR TWICE A WEEK,DAILY,GRADUATE FROM COLLEGE,FAIRLY IMPORTANT,No,REFUSE TO ANSWER,NEVER
160,United States,1992,Female,19,Divorced,EXTREMELY CLOSE,No,No,MARRY SOMETIME,ONCE OR TWICE A WEEK,DAILY,"GET A PROFESSIONAL DEGREE (E.G., LAW, MEDICINE, PHD)",VERY IMPORTANT,REFUSE TO ANSWER,Yes,NEVER
161,United States,1992,Female,19,Divorced,FAIRLY CLOSE,No,No,MARRY SOMETIME,ONCE OR TWICE A WEEK,ONCE A WEEK,GET A MASTER'S DEGREE OR MBA,DO NOT KNOW,No,No,HARDLY EVER
162,United States,1992,Female,19,Divorced,QUITE CLOSE,No,No,MARRY SOMETIME,ONCE OR TWICE A WEEK,No Answer,GET A MASTER'S DEGREE OR MBA,FAIRLY IMPORTANT,No,No,NEVER
163,United States,1992,Female,21,Divorced,FAIRLY CLOSE,No,No,MARRY SOMETIME,ONCE OR TWICE A WEEK,DAILY,DO NOT KNOW,FAIRLY IMPORTANT,Yes,REFUSE TO ANSWER,HARDLY EVER
164,United States,1992,Male,20,Divorced,QUITE CLOSE,No,No,MARRY SOMETIME,ONCE OR TWICE A WEEK,NOT AT ALL,"GET A PROFESSIONAL DEGREE (E.G., LAW, MEDICINE, PHD)",FAIRLY UNIMPORTANT,No,No,HARDLY EVER
165,United States,1992,Male,21,Divorced,NOT CLOSE AT ALL,No,No,MARRY SOMETIME,LESS THAN ONCE THIS MONTH,LESS THAN MONTHLY,GET A MASTER'S DEGREE OR MBA,VERY IMPORTANT,REFUSE TO ANSWER,No,SOMETIMES
166,United States,1992,Female,20,Divorced,QUITE CLOSE,Yes,No,MARRY FAIRLY SOON,No Answer,No Answer,DO NOT KNOW,REFUSE TO ANSWER,REFUSE TO ANSWER,REFUSE TO ANSWER,NEVER
167,United States,1992,Male,21,Divorced,QUITE CLOSE,No,No,MARRY SOMETIME,ONCE OR TWICE A WEEK,No Answer,"GET A PROFESSIONAL DEGREE (E.G., LAW, MEDICINE, PHD)",FAIRLY IMPORTANT,No,No,NEVER
168,United States,1992,Female,19,Divorced,No Answer,No,No,MARRY SOMETIME,ALMOST EVERYDAY,ONCE A WEEK,GET A MASTER'S DEGREE OR MBA,FAIRLY UNIMPORTANT,REFUSE TO ANSWER,No,SOMETIMES
169,United States,1992,Female,19,Still Married,FAIRLY CLOSE,No,Yes,MARRY SOMETIME,ALMOST EVERYDAY,LESS THAN MONTHLY,GRADUATE FROM COLLEGE,FAIRLY IMPORTANT,No,No,NA
170,United States,1992,Female,19,Still Married,QUITE CLOSE,No,No,MARRY SOMETIME,ONCE OR TWICE THIS MONTH,ONCE A WEEK,"GET A PROFESSIONAL DEGREE (E.G., LAW, MEDICINE, PHD)",VERY IMPORTANT,No,No,NA
171,United States,1992,Male,19,Still Married,EXTREMELY CLOSE,No,Yes,MARRY SOMETIME,ONCE OR TWICE A WEEK,NOT AT ALL,GET A MASTER'S DEGREE OR MBA,FAIRLY IMPORTANT,No,No,NA
172,United States,1992,Female,20,Still Married,QUITE CLOSE,No,No,MARRY SOMETIME,ONCE OR TWICE A WEEK,No Answer,GRADUATE FROM COLLEGE,VERY IMPORTANT,No,No,NA
173,United States,1992,Female,20,Divorced,No Answer,No,No,MARRY SOMETIME,ONCE OR TWICE A WEEK,DAILY,GRADUATE FROM COLLEGE,FAIRLY IMPORTANT,No,No,NEVER
174,United States,1992,Male,22,Divorced,EXTREMELY CLOSE,No,No,MARRY SOMETIME,ONCE OR TWICE THIS MONTH,DAILY,DO NOT KNOW,REFUSE TO ANSWER,REFUSE TO ANSWER,REFUSE TO ANSWER,OFTEN
175,United States,1992,Female,20,Divorced,EXTREMELY CLOSE,Yes,Yes,MARRY SOMETIME,No Answer,NOT AT ALL,GET A MASTER'S DEGREE OR MBA,FAIRLY IMPORTANT,No,No,NEVER
176,United States,1992,Male,18,Divorced,QUITE CLOSE,No,No,No Answer,ONCE OR TWICE A WEEK,ONCE A WEEK,GRADUATE FROM COLLEGE,FAIRLY IMPORTANT,No,No,NEVER
177,United States,1992,Male,19,Divorced,QUITE CLOSE,No,No,MARRY SOMETIME,LESS THAN ONCE THIS MONTH,NOT AT ALL,"GET A PROFESSIONAL DEGREE (E.G., LAW, MEDICINE, PHD)",FAIRLY IMPORTANT,No,No,NEVER
178,United States,1992,Male,21,Divorced,EXTREMELY CLOSE,No,No,MARRY SOMETIME,ONCE OR TWICE A WEEK,ONCE A WEEK,GET A MASTER'S DEGREE OR MBA,FAIRLY IMPORTANT,REFUSE TO ANSWER,REFUSE TO ANSWER,SOMETIMES
179,United States,1992,Male,19,Divorced,No Answer,No,No,MARRY SOMETIME,ONCE OR TWICE A WEEK,NOT AT ALL,DO NOT KNOW,REFUSE TO ANSWER,REFUSE TO ANSWER,REFUSE TO ANSWER,NEVER
180,United States,1992,Female,20,Divorced,QUITE CLOSE,No,No,MARRY SOMETIME,ONCE OR TWICE A WEEK,NOT AT ALL,"GET A PROFESSIONAL DEGREE (E.G., LAW, MEDICINE, PHD)",FAIRLY UNIMPORTANT,No,No,HARDLY EVER
181,United States,1992,Male,22,Divorced,FAIRLY CLOSE,No,No,MARRY FAIRLY SOON,ONCE OR TWICE A WEEK,ONCE A WEEK,GRADUATE FROM COLLEGE,FAIRLY IMPORTANT,REFUSE TO ANSWER,REFUSE TO ANSWER,NEVER
182,United States,1992,Female,21,Divorced,EXTREMELY CLOSE,No,Yes,MARRY SOMETIME,ALMOST EVERYDAY,NOT AT ALL,ATTEND COLLEGE FOR A YEAR,FAIRLY IMPORTANT,No,REFUSE TO ANSWER,NEVER
184,United States,1992,Male,18,Still Married,EXTREMELY CLOSE,Yes,Yes,MARRY FAIRLY SOON,No Answer,DAILY,DO NOT KNOW,REFUSE TO ANSWER,REFUSE TO ANSWER,REFUSE TO ANSWER,NA
185,United States,1992,Male,22,Still Married,EXTREMELY CLOSE,No,No,NEVER MARRY,ONCE OR TWICE THIS MONTH,DAILY,GRADUATE FROM COLLEGE,FAIRLY IMPORTANT,No,No,NA
186,United States,1992,Male,19,Still Married,QUITE CLOSE,No,No,MARRY SOMETIME,ONCE OR TWICE A WEEK,LESS THAN MONTHLY,"GET A PROFESSIONAL DEGREE (E.G., LAW, MEDICINE, PHD)",VERY IMPORTANT,No,No,NA
187,United States,1992,Female,20,Still Married,No Answer,No,No,MARRY SOMETIME,NOT AT ALL,No Answer,ATTEND COLLEGE FOR 2 YEARS,VERY IMPORTANT,No,No,NA
188,United States,1992,Female,21,Still Married,EXTREMELY CLOSE,No,No,MARRY SOMETIME,ONCE OR TWICE A WEEK,LESS THAN MONTHLY,GRADUATE FROM COLLEGE,VERY IMPORTANT,No,No,NA
189,United States,1992,Male,18,Still Married,EXTREMELY CLOSE,No,No,MARRY SOMETIME,ONCE OR TWICE A WEEK,NOT AT ALL,DO NOT KNOW,REFUSE TO ANSWER,REFUSE TO ANSWER,REFUSE TO ANSWER,NA
190,United States,1992,Female,20,Still Married,QUITE CLOSE,No,Yes,MARRY FAIRLY SOON,ALMOST EVERYDAY,ONCE A WEEK,GRADUATE FROM COLLEGE,FAIRLY IMPORTANT,No,No,NA
191,United States,1992,Male,19,Still Married,QUITE CLOSE,No,No,MARRY SOMETIME,ONCE OR TWICE THIS MONTH,DAILY,GET A MASTER'S DEGREE OR MBA,FAIRLY IMPORTANT,No,No,NA
192,United States,1992,Male,19,Still Married,FAIRLY CLOSE,No,No,MARRY SOMETIME,ONCE OR TWICE A WEEK,No Answer,DO NOT KNOW,REFUSE TO ANSWER,REFUSE TO ANSWER,REFUSE TO ANSWER,NA
193,United States,1992,Female,18,Divorced,FAIRLY CLOSE,No,No,MARRY SOMETIME,NOT AT ALL,No Answer,GET A MASTER'S DEGREE OR MBA,FAIRLY IMPORTANT,No,No,NEVER
194,United States,1992,Female,21,Still Married,EXTREMELY CLOSE,No,No,MARRY FAIRLY SOON,ONCE OR TWICE A WEEK,NOT AT ALL,GET A MASTER'S DEGREE OR MBA,VERY IMPORTANT,No,No,NA
195,United States,1992,Female,19,Still Married,EXTREMELY CLOSE,Yes,Yes,MARRY SOMETIME,No Answer,NOT AT ALL,STOP AFTER GRADUATING HIGH SCHOOL,FAIRLY IMPORTANT,REFUSE TO ANSWER,No,NA
196,United States,1992,Female,21,Still Married,FAIRLY CLOSE,No,No,NEVER MARRY,ONCE OR TWICE THIS MONTH,NOT AT ALL,"GET A PROFESSIONAL DEGREE (E.G., LAW, MEDICINE, PHD)",NOT IMPORTANT AT ALL,Yes,No,NA
197,United States,1992,Male,20,Divorced,EXTREMELY CLOSE,No,No,MARRY SOMETIME,ONCE OR TWICE A WEEK,LESS THAN MONTHLY,"GET A PROFESSIONAL DEGREE (E.G., LAW, MEDICINE, PHD)",NOT IMPORTANT AT ALL,No,No,NEVER
198,United States,1992,Female,20,Divorced,EXTREMELY CLOSE,No,No,MARRY SOMETIME,ONCE OR TWICE A WEEK,ONCE A MONTH,GRADUATE FROM COLLEGE,NOT IMPORTANT AT ALL,No,No,HARDLY EVER
199,United States,1992,Female,21,Divorced,QUITE CLOSE,No,No,MARRY SOMETIME,ALMOST EVERYDAY,DAILY,"GET A PROFESSIONAL DEGREE (E.G., LAW, MEDICINE, PHD)",FAIRLY IMPORTANT,No,Yes,SOMETIMES
200,United States,1992,Female,20,Divorced,QUITE CLOSE,No,Yes,MARRY SOMETIME,ONCE OR TWICE A WEEK,ONCE A WEEK,GRADUATE FROM COLLEGE,FAIRLY UNIMPORTANT,No,No,NEVER
201,United States,1992,Male,18,Divorced,FAIRLY CLOSE,No,No,MARRY SOMETIME,LESS THAN ONCE THIS MONTH,ONCE A WEEK,DO NOT KNOW,REFUSE TO ANSWER,REFUSE TO ANSWER,REFUSE TO ANSWER,NEVER
202,United States,1992,Female,20,Divorced,QUITE CLOSE,No,Yes,MARRY FAIRLY SOON,ALMOST EVERYDAY,NOT AT ALL,GET A MASTER'S DEGREE OR MBA,FAIRLY IMPORTANT,No,No,NEVER
203,United States,1992,Female,22,Divorced,EXTREMELY CLOSE,No,No,MARRY SOMETIME,ONCE OR TWICE A WEEK,No Answer,RECEIVE LESS THAN HIGH SCHOOL EDUCATION,VERY IMPORTANT,No,No,OFTEN
204,United States,1992,Female,20,Divorced,EXTREMELY CLOSE,No,No,MARRY SOMETIME,ONCE OR TWICE A WEEK,NOT AT ALL,GET A MASTER'S DEGREE OR MBA,FAIRLY UNIMPORTANT,No,No,HARDLY EVER
205,United States,1992,Female,21,Divorced,No Answer,No,No,MARRY SOMETIME,ONCE OR TWICE THIS MONTH,NOT AT ALL,DO NOT KNOW,REFUSE TO ANSWER,REFUSE TO ANSWER,REFUSE TO ANSWER,NA
206,United States,1992,Male,20,Divorced,EXTREMELY CLOSE,No,No,MARRY SOMETIME,ALMOST EVERYDAY,DAILY,DO NOT KNOW,REFUSE TO ANSWER,REFUSE TO ANSWER,REFUSE TO ANSWER,OFTEN
207,United States,1992,Female,22,Divorced,QUITE CLOSE,No,Yes,MARRY FAIRLY SOON,ONCE OR TWICE A WEEK,LESS THAN MONTHLY,GET A MASTER'S DEGREE OR MBA,FAIRLY IMPORTANT,No,REFUSE TO ANSWER,NEVER
208,United States,1992,Male,19,Divorced,No Answer,No,No,MARRY SOMETIME,NOT AT ALL,ONCE A MONTH,GET A MASTER'S DEGREE OR MBA,FAIRLY IMPORTANT,No,No,NEVER
209,United States,1992,Male,18,Divorced,EXTREMELY CLOSE,No,No,NEVER MARRY,ALMOST EVERYDAY,LESS THAN MONTHLY,DO NOT KNOW,REFUSE TO ANSWER,REFUSE TO ANSWER,REFUSE TO ANSWER,SOMETIMES
210,United States,1992,Female,18,Divorced,QUITE CLOSE,No,Yes,MARRY SOMETIME,NOT AT ALL,No Answer,GRADUATE FROM COLLEGE,FAIRLY IMPORTANT,No,No,NEVER
212,United States,1992,Female,18,Divorced,EXTREMELY CLOSE,Yes,Yes,MARRY FAIRLY SOON,No Answer,DAILY,DO NOT KNOW,REFUSE TO ANSWER,REFUSE TO ANSWER,REFUSE TO ANSWER,NEVER
213,United States,1992,Male,21,Divorced,QUITE CLOSE,No,No,MARRY SOMETIME,NOT AT ALL,No Answer,GET A MASTER'S DEGREE OR MBA,FAIRLY IMPORTANT,Yes,No,NEVER
214,United States,1992,Male,20,Divorced,FAIRLY CLOSE,No,No,MARRY SOMETIME,ONCE OR TWICE THIS MONTH,NOT AT ALL,GRADUATE FROM COLLEGE,NOT IMPORTANT AT ALL,No,No,SOMETIMES
215,United States,1992,Female,19,Divorced,QUITE CLOSE,No,Yes,MARRY FAIRLY SOON,ONCE OR TWICE A WEEK,No Answer,GRADUATE FROM COLLEGE,VERY IMPORTANT,No,No,NEVER
216,United States,1992,Female,22,Divorced,QUITE CLOSE,Yes,No,MARRY SOMETIME,No Answer,DAILY,"GET A PROFESSIONAL DEGREE (E.G., LAW, MEDICINE, PHD)",VERY IMPORTANT,REFUSE TO ANSWER,REFUSE TO ANSWER,SOMETIMES
218,United States,1992,Male,19,Divorced,EXTREMELY CLOSE,No,No,MARRY SOMETIME,ONCE OR TWICE A WEEK,ONCE A WEEK,GRADUATE FROM COLLEGE,FAIRLY UNIMPORTANT,No,No,SOMETIMES
219,United States,1992,Female,22,Divorced,EXTREMELY CLOSE,No,No,MARRY SOMETIME,ONCE OR TWICE A WEEK,DAILY,DO NOT KNOW,REFUSE TO ANSWER,REFUSE TO ANSWER,REFUSE TO ANSWER,HARDLY EVER
220,United States,1992,Male,21,Divorced,EXTREMELY CLOSE,Yes,Yes,MARRY SOMETIME,No Answer,DAILY,GET A MASTER'S DEGREE OR MBA,VERY IMPORTANT,REFUSE TO ANSWER,REFUSE TO ANSWER,OFTEN
221,United States,1992,Male,19,Divorced,FAIRLY CLOSE,Yes,Yes,MARRY SOMETIME,No Answer,ONCE A MONTH,GET A MASTER'S DEGREE OR MBA,VERY IMPORTANT,REFUSE TO ANSWER,REFUSE TO ANSWER,OFTEN
222,United States,1992,Female,22,Divorced,NOT CLOSE AT ALL,No,No,MARRY SOMETIME,NOT AT ALL,LESS THAN MONTHLY,"GET A PROFESSIONAL DEGREE (E.G., LAW, MEDICINE, PHD)",FAIRLY UNIMPORTANT,No,No,NEVER
223,United States,1992,Male,19,Divorced,No Answer,No,No,MARRY SOMETIME,ONCE OR TWICE A WEEK,NOT AT ALL,DO NOT KNOW,NOT IMPORTANT AT ALL,No,No,NEVER
224,United States,1992,Male,19,Divorced,FAIRLY CLOSE,No,No,MARRY SOMETIME,ONCE OR TWICE A WEEK,No Answer,DO NOT KNOW,REFUSE TO ANSWER,REFUSE TO ANSWER,REFUSE TO ANSWER,NEVER
225,United States,1992,Male,23,Divorced,No Answer,No,Yes,MARRY FAIRLY SOON,ALMOST EVERYDAY,DAILY,GET A MASTER'S DEGREE OR MBA,FAIRLY IMPORTANT,No,No,NEVER
226,United States,1992,Male,21,Still Married,EXTREMELY CLOSE,No,No,MARRY SOMETIME,ALMOST EVERYDAY,NOT AT ALL,ATTEND COLLEGE FOR 2 YEARS,FAIRLY UNIMPORTANT,REFUSE TO ANSWER,Yes,NA
227,United States,1992,Male,20,Still Married,QUITE CLOSE,No,Yes,MARRY SOMETIME,ONCE OR TWICE THIS MONTH,LESS THAN MONTHLY,OTHER,FAIRLY UNIMPORTANT,No,No,NA
228,United States,1992,Male,21,Still Married,EXTREMELY CLOSE,No,No,MARRY SOMETIME,ONCE OR TWICE A WEEK,DAILY,GO TO VOCATIONAL OR TRADE SCHOOL,FAIRLY UNIMPORTANT,Yes,REFUSE TO ANSWER,NA
229,United States,1992,Male,20,Still Married,QUITE CLOSE,No,No,MARRY SOMETIME,ONCE OR TWICE THIS MONTH,ONCE A WEEK,STOP AFTER GRADUATING HIGH SCHOOL,NOT IMPORTANT AT ALL,No,REFUSE TO ANSWER,NA
230,United States,1992,Male,20,Still Married,FAIRLY CLOSE,No,No,MARRY SOMETIME,ONCE OR TWICE A WEEK,No Answer,GRADUATE FROM COLLEGE,FAIRLY UNIMPORTANT,No,No,NA
231,United States,1992,Male,20,Still Married,QUITE CLOSE,No,No,MARRY SOMETIME,ONCE OR TWICE THIS MONTH,ONCE A WEEK,ATTEND COLLEGE FOR 2 YEARS,FAIRLY IMPORTANT,No,No,NA
232,United States,1992,Male,19,Still Married,EXTREMELY CLOSE,No,No,MARRY SOMETIME,ONCE OR TWICE THIS MONTH,LESS THAN MONTHLY,GRADUATE FROM COLLEGE,NOT IMPORTANT AT ALL,No,No,NA
233,United States,1992,Female,20,Still Married,EXTREMELY CLOSE,No,No,MARRY SOMETIME,ALMOST EVERYDAY,NOT AT ALL,"GET A PROFESSIONAL DEGREE (E.G., LAW, MEDICINE, PHD)",VERY IMPORTANT,No,No,NA
234,United States,1992,Female,20,Still Married,EXTREMELY CLOSE,No,No,MARRY SOMETIME,NOT AT ALL,NOT AT ALL,DO NOT KNOW,REFUSE TO ANSWER,REFUSE TO ANSWER,REFUSE TO ANSWER,NA
235,United States,1992,Female,20,Still Married,QUITE CLOSE,No,No,MARRY SOMETIME,ONCE OR TWICE A WEEK,No Answer,"GET A PROFESSIONAL DEGREE (E.G., LAW, MEDICINE, PHD)",FAIRLY IMPORTANT,No,No,NA
236,United States,1992,Female,20,Still Married,QUITE CLOSE,No Answer,No answer,No Answer,No Answer,DAILY,GRADUATE FROM COLLEGE,VERY IMPORTANT,REFUSE TO ANSWER,REFUSE TO ANSWER,NA
237,United States,1992,Female,20,Still Married,EXTREMELY CLOSE,No,No,MARRY FAIRLY SOON,ONCE OR TWICE A WEEK,No Answer,DO NOT KNOW,REFUSE TO ANSWER,REFUSE TO ANSWER,REFUSE TO ANSWER,NA
238,United States,1992,Male,21,Still Married,EXTREMELY CLOSE,No,No,MARRY SOMETIME,ALMOST EVERYDAY,NOT AT ALL,GET A MASTER'S DEGREE OR MBA,VERY IMPORTANT,No,No,NA
239,United States,1992,Male,18,Still Married,QUITE CLOSE,No,No answer,MARRY SOMETIME,ONCE OR TWICE THIS MONTH,DAILY,GRADUATE FROM COLLEGE,VERY IMPORTANT,REFUSE TO ANSWER,No,NA
241,United States,1992,Male,19,Still Married,FAIRLY CLOSE,No,No,MARRY SOMETIME,ALMOST EVERYDAY,ONCE A MONTH,GRADUATE FROM COLLEGE,FAIRLY IMPORTANT,Yes,No,NA
242,United States,1992,Male,20,Still Married,EXTREMELY CLOSE,No,No,MARRY SOMETIME,ONCE OR TWICE A WEEK,DAILY,GRADUATE FROM COLLEGE,FAIRLY IMPORTANT,No,No,NA
243,United States,1992,Female,21,Still Married,EXTREMELY CLOSE,No,No,MARRY SOMETIME,NOT AT ALL,No Answer,"GET A PROFESSIONAL DEGREE (E.G., LAW, MEDICINE, PHD)",FAIRLY IMPORTANT,No,No,NA
244,United States,1992,Female,22,Still Married,EXTREMELY CLOSE,No,No,MARRY SOMETIME,ONCE OR TWICE A WEEK,No Answer,DO NOT KNOW,REFUSE TO ANSWER,REFUSE TO ANSWER,REFUSE TO ANSWER,NA
245,United States,1992,Male,21,Still Married,FAIRLY CLOSE,No,No,MARRY SOMETIME,ONCE OR TWICE A WEEK,NOT AT ALL,GET A MASTER'S DEGREE OR MBA,FAIRLY UNIMPORTANT,No,No,NA
246,United States,1992,Male,22,Still Married,FAIRLY CLOSE,No,No,MARRY SOMETIME,ONCE OR TWICE A WEEK,DAILY,GET A MASTER'S DEGREE OR MBA,VERY IMPORTANT,Yes,No,NA
247,United States,1992,Female,20,Still Married,QUITE CLOSE,No,Yes,MARRY FAIRLY SOON,ONCE OR TWICE A WEEK,NOT AT ALL,GRADUATE FROM COLLEGE,VERY IMPORTANT,No,No,NA
248,United States,1992,Female,18,Still Married,EXTREMELY CLOSE,No,No,MARRY SOMETIME,ALMOST EVERYDAY,ONCE A MONTH,GET A MASTER'S DEGREE OR MBA,FAIRLY IMPORTANT,No,No,NA
249,United States,1992,Male,20,Still Married,EXTREMELY CLOSE,No,Yes,MARRY FAIRLY SOON,ALMOST EVERYDAY,LESS THAN MONTHLY,GET A MASTER'S DEGREE OR MBA,VERY IMPORTANT,No,No,NA
250,United States,1992,Male,20,Still Married,EXTREMELY CLOSE,No,No,MARRY SOMETIME,NOT AT ALL,NOT AT ALL,GRADUATE FROM COLLEGE,FAIRLY IMPORTANT,No,No,NA
251,United States,1992,Male,21,Divorced,QUITE CLOSE,Yes,No,MARRY SOMETIME,No Answer,DAILY,GET A MASTER'S DEGREE OR MBA,FAIRLY UNIMPORTANT,No,No,NEVER
253,United States,1992,Female,19,Divorced,FAIRLY CLOSE,No,Yes,MARRY SOMETIME,ALMOST EVERYDAY,DAILY,DO NOT KNOW,REFUSE TO ANSWER,REFUSE TO ANSWER,REFUSE TO ANSWER,NA
254,United States,1992,Female,20,Divorced,EXTREMELY CLOSE,No,No,NEVER MARRY,ONCE OR TWICE THIS MONTH,No Answer,"GET A PROFESSIONAL DEGREE (E.G., LAW, MEDICINE, PHD)",VERY IMPORTANT,No,No,NEVER
255,United States,1992,Female,21,Divorced,NOT CLOSE AT ALL,Yes,Yes,MARRY FAIRLY SOON,No Answer,DAILY,ATTEND COLLEGE FOR 2 YEARS,FAIRLY IMPORTANT,REFUSE TO ANSWER,REFUSE TO ANSWER,NEVER
256,United States,1992,Female,18,Divorced,No Answer,No,No,NEVER MARRY,ALMOST EVERYDAY,NOT AT ALL,DO NOT KNOW,FAIRLY IMPORTANT,No,No,NEVER
257,United States,1992,Female,20,Divorced,FAIRLY CLOSE,Yes,Yes,MARRY FAIRLY SOON,No Answer,NOT AT ALL,GRADUATE FROM COLLEGE,FAIRLY IMPORTANT,No,No,NEVER
258,United States,1992,Female,21,Divorced,FAIRLY CLOSE,No Answer,No answer,No Answer,No Answer,NOT AT ALL,DO NOT KNOW,REFUSE TO ANSWER,REFUSE TO ANSWER,REFUSE TO ANSWER,HARDLY EVER
259,United States,1992,Female,18,Divorced,FAIRLY CLOSE,No,No,MARRY SOMETIME,ONCE OR TWICE A WEEK,DAILY,GET A MASTER'S DEGREE OR MBA,FAIRLY UNIMPORTANT,No,No,HARDLY EVER
260,United States,1992,Male,23,Divorced,FAIRLY CLOSE,No,Yes,MARRY FAIRLY SOON,ALMOST EVERYDAY,DAILY,GET A MASTER'S DEGREE OR MBA,VERY IMPORTANT,REFUSE TO ANSWER,No,NEVER
261,United States,1992,Female,20,Still Married,No Answer,No,No,MARRY FAIRLY SOON,ONCE OR TWICE A WEEK,NOT AT ALL,GRADUATE FROM COLLEGE,FAIRLY IMPORTANT,No,No,NA
262,United States,1992,Female,21,Still Married,No Answer,No,No,MARRY SOMETIME,ALMOST EVERYDAY,NOT AT ALL,DO NOT KNOW,REFUSE TO ANSWER,REFUSE TO ANSWER,REFUSE TO ANSWER,NA
263,United States,1992,Female,19,Still Married,No Answer,Yes,Yes,MARRY SOMETIME,No Answer,NOT AT ALL,GET A MASTER'S DEGREE OR MBA,FAIRLY IMPORTANT,No,No,NA
264,United States,1992,Male,21,Still Married,EXTREMELY CLOSE,No,No,MARRY SOMETIME,ONCE OR TWICE A WEEK,NOT AT ALL,GRADUATE FROM COLLEGE,VERY IMPORTANT,REFUSE TO ANSWER,No,NA
265,United States,1992,Female,20,Still Married,EXTREMELY CLOSE,No,No,MARRY SOMETIME,ONCE OR TWICE A WEEK,No Answer,GET A MASTER'S DEGREE OR MBA,VERY IMPORTANT,No,No,NA
266,United States,1992,Female,19,Still Married,EXTREMELY CLOSE,No,Yes,MARRY FAIRLY SOON,ONCE OR TWICE THIS MONTH,DAILY,GET A MASTER'S DEGREE OR MBA,FAIRLY IMPORTANT,Yes,No,NA
267,United States,1992,Female,20,Still Married,QUITE CLOSE,No,No,MARRY SOMETIME,ONCE OR TWICE THIS MONTH,NOT AT ALL,GET A MASTER'S DEGREE OR MBA,FAIRLY UNIMPORTANT,REFUSE TO ANSWER,REFUSE TO ANSWER,NA
268,United States,1992,Female,21,Still Married,NOT CLOSE AT ALL,No,Yes,MARRY SOMETIME,ONCE OR TWICE A WEEK,No Answer,GET A MASTER'S DEGREE OR MBA,VERY IMPORTANT,No,No,NA
269,United States,1992,Male,20,Still Married,QUITE CLOSE,No,No,MARRY SOMETIME,ONCE OR TWICE THIS MONTH,DAILY,GRADUATE FROM COLLEGE,FAIRLY UNIMPORTANT,REFUSE TO ANSWER,REFUSE TO ANSWER,NA
270,United States,1992,Male,21,Still Married,EXTREMELY CLOSE,No,Yes,MARRY SOMETIME,ALMOST EVERYDAY,LESS THAN MONTHLY,GET A MASTER'S DEGREE OR MBA,FAIRLY UNIMPORTANT,No,No,NA
271,United States,1992,Female,20,Still Married,QUITE CLOSE,No,No,MARRY SOMETIME,ONCE OR TWICE THIS MONTH,DAILY,GET A MASTER'S DEGREE OR MBA,FAIRLY UNIMPORTANT,No,No,NA
272,United States,1992,Female,19,Still Married,FAIRLY CLOSE,No,No,MARRY SOMETIME,ONCE OR TWICE THIS MONTH,NOT AT ALL,GRADUATE FROM COLLEGE,FAIRLY UNIMPORTANT,No,No,NA
273,United States,1992,Male,20,Still Married,EXTREMELY CLOSE,No,Yes,MARRY SOMETIME,ONCE OR TWICE A WEEK,ONCE A MONTH,"GET A PROFESSIONAL DEGREE (E.G., LAW, MEDICINE, PHD)",FAIRLY IMPORTANT,No,No,NA
274,United States,1992,Male,21,Still Married,EXTREMELY CLOSE,No,Yes,MARRY SOMETIME,ONCE OR TWICE THIS MONTH,NOT AT ALL,GET A MASTER'S DEGREE OR MBA,VERY IMPORTANT,No,No,NA
275,United States,1992,Female,21,Still Married,EXTREMELY CLOSE,No,No,MARRY SOMETIME,ALMOST EVERYDAY,DAILY,GRADUATE FROM COLLEGE,FAIRLY IMPORTANT,No,Yes,NA
276,United States,1992,Female,19,Still Married,EXTREMELY CLOSE,No,No,MARRY SOMETIME,ONCE OR TWICE A WEEK,ONCE A WEEK,GRADUATE FROM COLLEGE,NOT IMPORTANT AT ALL,No,No,NA
277,United States,1992,Male,18,Still Married,EXTREMELY CLOSE,No,No,MARRY SOMETIME,ONCE OR TWICE THIS MONTH,No Answer,"GET A PROFESSIONAL DEGREE (E.G., LAW, MEDICINE, PHD)",FAIRLY UNIMPORTANT,No,No,NA
278,United States,1992,Female,20,Still Married,QUITE CLOSE,No,No,MARRY FAIRLY SOON,ALMOST EVERYDAY,NOT AT ALL,GET A MASTER'S DEGREE OR MBA,FAIRLY UNIMPORTANT,No,No,NA
280,United States,1992,Female,18,Still Married,No Answer,No,No,MARRY SOMETIME,ONCE OR TWICE A WEEK,No Answer,GET A MASTER'S DEGREE OR MBA,FAIRLY UNIMPORTANT,No,No,NA
281,United States,1992,Female,20,Still Married,No Answer,No,Yes,MARRY SOMETIME,ONCE OR TWICE A WEEK,NOT AT ALL,"GET A PROFESSIONAL DEGREE (E.G., LAW, MEDICINE, PHD)",VERY IMPORTANT,REFUSE TO ANSWER,REFUSE TO ANSWER,NA
282,United States,1992,Male,19,Still Married,EXTREMELY CLOSE,No,No,NEVER MARRY,ONCE OR TWICE A WEEK,NOT AT ALL,"GET A PROFESSIONAL DEGREE (E.G., LAW, MEDICINE, PHD)",VERY IMPORTANT,No,No,NA
283,United States,1992,Female,18,Still Married,EXTREMELY CLOSE,No,No,MARRY FAIRLY SOON,ALMOST EVERYDAY,DAILY,DO NOT KNOW,REFUSE TO ANSWER,REFUSE TO ANSWER,REFUSE TO ANSWER,NA
284,United States,1992,Female,18,Still Married,QUITE CLOSE,No,No,MARRY SOMETIME,ALMOST EVERYDAY,ONCE A MONTH,GRADUATE FROM COLLEGE,VERY IMPORTANT,No,No,NA
285,United States,1992,Male,19,Still Married,FAIRLY CLOSE,No,No,No Answer,ALMOST EVERYDAY,NOT AT ALL,GET A MASTER'S DEGREE OR MBA,VERY IMPORTANT,REFUSE TO ANSWER,REFUSE TO ANSWER,NA
286,United States,1992,Male,21,Still Married,FAIRLY CLOSE,No,Yes,MARRY FAIRLY SOON,ONCE OR TWICE A WEEK,DAILY,DO NOT KNOW,REFUSE TO ANSWER,REFUSE TO ANSWER,REFUSE TO ANSWER,NA
287,United States,1992,Female,21,Still Married,EXTREMELY CLOSE,No,No,MARRY SOMETIME,NOT AT ALL,NOT AT ALL,DO NOT KNOW,VERY IMPORTANT,No,No,NA
288,United States,1992,Male,19,Still Married,QUITE CLOSE,No,No,MARRY SOMETIME,ONCE OR TWICE A WEEK,LESS THAN MONTHLY,GRADUATE FROM COLLEGE,VERY IMPORTANT,No,No,NA
289,United States,1992,Female,20,Still Married,EXTREMELY CLOSE,No,No,MARRY SOMETIME,ONCE OR TWICE THIS MONTH,NOT AT ALL,GET A MASTER'S DEGREE OR MBA,FAIRLY IMPORTANT,No,No,NA
291,United States,1992,Female,19,Still Married,FAIRLY CLOSE,No,Yes,MARRY SOMETIME,ONCE OR TWICE A WEEK,No Answer,GET A MASTER'S DEGREE OR MBA,VERY IMPORTANT,No,No,NA
292,United States,1992,Male,19,Still Married,EXTREMELY CLOSE,No,No,MARRY SOMETIME,ONCE OR TWICE A WEEK,LESS THAN MONTHLY,GRADUATE FROM COLLEGE,VERY IMPORTANT,No,No,NA
293,United States,1992,Female,18,Still Married,FAIRLY CLOSE,No,No,MARRY SOMETIME,NOT AT ALL,No Answer,GET A MASTER'S DEGREE OR MBA,FAIRLY IMPORTANT,No,No,NA
294,United States,1992,Male,20,Still Married,FAIRLY CLOSE,No,No,MARRY SOMETIME,ONCE OR TWICE A WEEK,LESS THAN MONTHLY,GET A MASTER'S DEGREE OR MBA,FAIRLY IMPORTANT,No,No,NA
295,United States,1992,Male,21,Still Married,FAIRLY CLOSE,No,Yes,MARRY FAIRLY SOON,ONCE OR TWICE A WEEK,No Answer,GRADUATE FROM COLLEGE,FAIRLY IMPORTANT,No,No,NA
296,United States,1992,Male,18,Still Married,EXTREMELY CLOSE,No,No,MARRY SOMETIME,ONCE OR TWICE A WEEK,NOT AT ALL,GRADUATE FROM COLLEGE,FAIRLY IMPORTANT,No,No,NA
298,United States,1992,Male,19,Still Married,EXTREMELY CLOSE,No,No,MARRY SOMETIME,LESS THAN ONCE THIS MONTH,ONCE A WEEK,"GET A PROFESSIONAL DEGREE (E.G., LAW, MEDICINE, PHD)",FAIRLY IMPORTANT,No,No,NA
299,United States,1992,Female,22,Divorced,EXTREMELY CLOSE,No,No,MARRY SOMETIME,ONCE OR TWICE A WEEK,NOT AT ALL,DO NOT KNOW,REFUSE TO ANSWER,REFUSE TO ANSWER,REFUSE TO ANSWER,NEVER
300,United States,1992,Male,21,Still Married,FAIRLY CLOSE,No,Yes,MARRY SOMETIME,ALMOST EVERYDAY,DAILY,RECEIVE AN ASSOCIATE'S DEGREE,VERY IMPORTANT,No,No,NA
301,United States,1992,Female,22,Divorced,QUITE CLOSE,No,Yes,MARRY FAIRLY SOON,ONCE OR TWICE A WEEK,No Answer,GRADUATE FROM COLLEGE,FAIRLY IMPORTANT,No,No,NEVER
302,United States,1992,Male,20,Divorced,FAIRLY CLOSE,No,No,MARRY SOMETIME,ONCE OR TWICE A WEEK,NOT AT ALL,GRADUATE FROM COLLEGE,FAIRLY IMPORTANT,No,No,NEVER
303,United States,1992,Female,20,Divorced,FAIRLY CLOSE,No,Yes,MARRY FAIRLY SOON,ONCE OR TWICE A WEEK,No Answer,GRADUATE FROM COLLEGE,VERY IMPORTANT,No,No,NEVER
304,United States,1992,Female,19,Still Married,No Answer,No,No,MARRY SOMETIME,ONCE OR TWICE A WEEK,DAILY,GRADUATE FROM COLLEGE,FAIRLY IMPORTANT,No,No,NA
305,United States,1992,Female,21,Still Married,EXTREMELY CLOSE,No,No,MARRY SOMETIME,ONCE OR TWICE A WEEK,DAILY,GET A MASTER'S DEGREE OR MBA,FAIRLY IMPORTANT,No,REFUSE TO ANSWER,NA
306,United States,1992,Male,19,Still Married,QUITE CLOSE,No,No,MARRY SOMETIME,NOT AT ALL,No Answer,"GET A PROFESSIONAL DEGREE (E.G., LAW, MEDICINE, PHD)",FAIRLY IMPORTANT,No,REFUSE TO ANSWER,NA
307,United States,1992,Female,19,Still Married,FAIRLY CLOSE,No,No,MARRY SOMETIME,ONCE OR TWICE A WEEK,NOT AT ALL,GET A MASTER'S DEGREE OR MBA,FAIRLY IMPORTANT,No,No,NA
308,United States,1992,Female,18,Still Married,QUITE CLOSE,No,No,MARRY SOMETIME,ONCE OR TWICE A WEEK,ONCE A WEEK,GET A MASTER'S DEGREE OR MBA,FAIRLY UNIMPORTANT,No,No,NA
309,United States,1992,Male,18,Still Married,FAIRLY CLOSE,No,No,MARRY SOMETIME,ONCE OR TWICE A WEEK,ONCE A WEEK,GRADUATE FROM COLLEGE,FAIRLY UNIMPORTANT,REFUSE TO ANSWER,Yes,NA
310,United States,1992,Female,19,Still Married,QUITE CLOSE,No,No,MARRY SOMETIME,ONCE OR TWICE A WEEK,NOT AT ALL,GET A MASTER'S DEGREE OR MBA,FAIRLY IMPORTANT,No,No,NA
311,United States,1992,Female,20,Still Married,FAIRLY CLOSE,No,No,MARRY SOMETIME,ONCE OR TWICE A WEEK,ONCE A MONTH,GET A MASTER'S DEGREE OR MBA,FAIRLY IMPORTANT,No,No,NA
312,United States,1992,Female,18,Still Married,EXTREMELY CLOSE,No,Yes,MARRY FAIRLY SOON,ONCE OR TWICE A WEEK,LESS THAN MONTHLY,GO TO VOCATIONAL OR TRADE SCHOOL,VERY IMPORTANT,No,No,NA
313,United States,1992,Female,19,Still Married,EXTREMELY CLOSE,No,Yes,MARRY SOMETIME,NOT AT ALL,NOT AT ALL,DO NOT KNOW,REFUSE TO ANSWER,REFUSE TO ANSWER,REFUSE TO ANSWER,NA
314,United States,1992,Female,21,Still Married,No Answer,No,No,MARRY SOMETIME,ONCE OR TWICE A WEEK,No Answer,"GET A PROFESSIONAL DEGREE (E.G., LAW, MEDICINE, PHD)",FAIRLY UNIMPORTANT,No,No,NA
315,United States,1992,Female,19,Still Married,QUITE CLOSE,No,No,MARRY SOMETIME,ONCE OR TWICE A WEEK,NOT AT ALL,"GET A PROFESSIONAL DEGREE (E.G., LAW, MEDICINE, PHD)",FAIRLY UNIMPORTANT,REFUSE TO ANSWER,Yes,NA
316,United States,1992,Male,19,Still Married,No Answer,No,Yes,MARRY SOMETIME,ONCE OR TWICE A WEEK,No Answer,GET A MASTER'S DEGREE OR MBA,VERY IMPORTANT,No,No,NA
317,United States,1992,Male,22,Still Married,No Answer,No,No,MARRY SOMETIME,NOT AT ALL,LESS THAN MONTHLY,DO NOT KNOW,FAIRLY IMPORTANT,No,No,NA
318,United States,1992,Female,19,Still Married,QUITE CLOSE,Yes,Yes,MARRY SOMETIME,No Answer,NOT AT ALL,GET A MASTER'S DEGREE OR MBA,FAIRLY IMPORTANT,No,No,NA
319,United States,1992,Male,20,Still Married,QUITE CLOSE,No,No,MARRY SOMETIME,LESS THAN ONCE THIS MONTH,No Answer,GRADUATE FROM COLLEGE,FAIRLY IMPORTANT,No,No,NA
320,United States,1992,Male,19,Still Married,EXTREMELY CLOSE,No,No,MARRY SOMETIME,ONCE OR TWICE A WEEK,ONCE A WEEK,GET A MASTER'S DEGREE OR MBA,VERY IMPORTANT,No,No,NA
321,United States,1992,Male,21,Still Married,QUITE CLOSE,No,Yes,MARRY SOMETIME,ONCE OR TWICE A WEEK,NOT AT ALL,ATTEND COLLEGE FOR 2 YEARS,FAIRLY IMPORTANT,No,No,NA
322,United States,1992,Female,18,Still Married,EXTREMELY CLOSE,No,No,MARRY SOMETIME,ONCE OR TWICE A WEEK,No Answer,"GET A PROFESSIONAL DEGREE (E.G., LAW, MEDICINE, PHD)",VERY IMPORTANT,No,No,NA
323,United States,1992,Male,21,Still Married,QUITE CLOSE,No,No,MARRY SOMETIME,ONCE OR TWICE A WEEK,DAILY,DO NOT KNOW,REFUSE TO ANSWER,REFUSE TO ANSWER,REFUSE TO ANSWER,NA
324,United States,1992,Female,22,Still Married,FAIRLY CLOSE,No,No,MARRY SOMETIME,ONCE OR TWICE THIS MONTH,No Answer,GET A MASTER'S DEGREE OR MBA,NOT IMPORTANT AT ALL,No,No,NA
325,United States,1992,Female,22,Still Married,EXTREMELY CLOSE,No Answer,No answer,No Answer,No Answer,No Answer,GRADUATE FROM COLLEGE,VERY IMPORTANT,No,No,NA
326,United States,1992,Male,22,Still Married,QUITE CLOSE,Yes,Yes,MARRY SOMETIME,No Answer,NOT AT ALL,DO NOT KNOW,REFUSE TO ANSWER,REFUSE TO ANSWER,REFUSE TO ANSWER,NA
328,United States,1992,Male,21,Still Married,QUITE CLOSE,No,No,MARRY SOMETIME,ONCE OR TWICE A WEEK,LESS THAN MONTHLY,GET A MASTER'S DEGREE OR MBA,FAIRLY IMPORTANT,No,No,NA
330,United States,1992,Female,21,Still Married,QUITE CLOSE,No,No,MARRY SOMETIME,ONCE OR TWICE THIS MONTH,NOT AT ALL,"GET A PROFESSIONAL DEGREE (E.G., LAW, MEDICINE, PHD)",FAIRLY IMPORTANT,No,No,NA
331,United States,1992,Female,21,Still Married,QUITE CLOSE,No,Yes,MARRY SOMETIME,ONCE OR TWICE THIS MONTH,NOT AT ALL,GET A MASTER'S DEGREE OR MBA,FAIRLY IMPORTANT,REFUSE TO ANSWER,No,NA
332,United States,1992,Female,18,Still Married,EXTREMELY CLOSE,No,No,MARRY SOMETIME,ALMOST EVERYDAY,No Answer,ATTEND COLLEGE FOR 2 YEARS,FAIRLY IMPORTANT,Yes,No,NA
333,United States,1992,Female,19,Still Married,FAIRLY CLOSE,No,No,MARRY SOMETIME,ONCE OR TWICE A WEEK,No Answer,GRADUATE FROM COLLEGE,FAIRLY IMPORTANT,No,No,NA
335,United States,1992,Female,21,Still Married,FAIRLY CLOSE,No,No,MARRY SOMETIME,ONCE OR TWICE THIS MONTH,NOT AT ALL,GET A MASTER'S DEGREE OR MBA,VERY IMPORTANT,No,No,NA
336,United States,1992,Male,21,Still Married,EXTREMELY CLOSE,No,No,MARRY SOMETIME,ONCE OR TWICE THIS MONTH,NOT AT ALL,GET A MASTER'S DEGREE OR MBA,NOT IMPORTANT AT ALL,No,No,NA
337,United States,1992,Male,18,Still Married,QUITE CLOSE,No,Yes,MARRY SOMETIME,NOT AT ALL,DAILY,"GET A PROFESSIONAL DEGREE (E.G., LAW, MEDICINE, PHD)",FAIRLY UNIMPORTANT,REFUSE TO ANSWER,No,NA
338,United States,1992,Female,20,Still Married,EXTREMELY CLOSE,No,Yes,MARRY SOMETIME,ALMOST EVERYDAY,DAILY,ATTEND COLLEGE FOR 2 YEARS,VERY IMPORTANT,No,No,NA
339,United States,1992,Male,21,Still Married,EXTREMELY CLOSE,No,No,MARRY SOMETIME,ONCE OR TWICE THIS MONTH,No Answer,"GET A PROFESSIONAL DEGREE (E.G., LAW, MEDICINE, PHD)",FAIRLY IMPORTANT,No,No,NA
340,United States,1992,Female,19,Still Married,EXTREMELY CLOSE,No,No,MARRY SOMETIME,ONCE OR TWICE A WEEK,No Answer,GET A MASTER'S DEGREE OR MBA,VERY IMPORTANT,No,No,NA
341,United States,1992,Male,18,Still Married,QUITE CLOSE,No,Yes,MARRY SOMETIME,ALMOST EVERYDAY,NOT AT ALL,GET A MASTER'S DEGREE OR MBA,FAIRLY UNIMPORTANT,REFUSE TO ANSWER,REFUSE TO ANSWER,NA
342,United States,1992,Male,20,Still Married,EXTREMELY CLOSE,No,Yes,MARRY SOMETIME,ONCE OR TWICE A WEEK,LESS THAN MONTHLY,DO NOT KNOW,REFUSE TO ANSWER,REFUSE TO ANSWER,REFUSE TO ANSWER,NA
343,United States,1992,Female,21,Still Married,No Answer,No,Yes,MARRY FAIRLY SOON,ALMOST EVERYDAY,NOT AT ALL,GET A MASTER'S DEGREE OR MBA,FAIRLY IMPORTANT,No,No,NA
344,United States,1992,Male,22,Still Married,FAIRLY CLOSE,No,No,MARRY SOMETIME,ONCE OR TWICE A WEEK,NOT AT ALL,GET A MASTER'S DEGREE OR MBA,FAIRLY UNIMPORTANT,REFUSE TO ANSWER,No,NA
345,United States,1992,Male,18,Still Married,QUITE CLOSE,No,Yes,MARRY SOMETIME,ALMOST EVERYDAY,DAILY,GRADUATE FROM COLLEGE,NOT IMPORTANT AT ALL,REFUSE TO ANSWER,REFUSE TO ANSWER,NA
346,United States,1992,Female,21,Still Married,No Answer,No,No,MARRY FAIRLY SOON,NOT AT ALL,No Answer,DO NOT KNOW,REFUSE TO ANSWER,REFUSE TO ANSWER,REFUSE TO ANSWER,NA
347,United States,1992,Male,18,Still Married,QUITE CLOSE,No,No,MARRY SOMETIME,LESS THAN ONCE THIS MONTH,No Answer,GRADUATE FROM COLLEGE,NOT IMPORTANT AT ALL,No,No,NA
348,United States,1992,Male,18,Still Married,FAIRLY CLOSE,No,Yes,MARRY SOMETIME,ALMOST EVERYDAY,No Answer,GRADUATE FROM COLLEGE,NOT IMPORTANT AT ALL,No,No,NA
349,United States,1992,Male,21,Still Married,QUITE CLOSE,No,No,MARRY FAIRLY SOON,ONCE OR TWICE A WEEK,NOT AT ALL,GRADUATE FROM COLLEGE,FAIRLY IMPORTANT,No,Yes,NA
350,United States,1992,Male,21,Still Married,FAIRLY CLOSE,Yes,No,MARRY SOMETIME,No Answer,DAILY,DO NOT KNOW,REFUSE TO ANSWER,REFUSE TO ANSWER,REFUSE TO ANSWER,NA
351,United States,1992,Male,18,Still Married,EXTREMELY CLOSE,No,No,MARRY SOMETIME,ALMOST EVERYDAY,No Answer,"GET A PROFESSIONAL DEGREE (E.G., LAW, MEDICINE, PHD)",FAIRLY IMPORTANT,No,No,NA
352,United States,1992,Male,20,Still Married,QUITE CLOSE,No,No,MARRY SOMETIME,ONCE OR TWICE A WEEK,DAILY,DO NOT KNOW,REFUSE TO ANSWER,REFUSE TO ANSWER,REFUSE TO ANSWER,NA
353,United States,1992,Male,19,Still Married,FAIRLY CLOSE,No Answer,No answer,No Answer,No Answer,NOT AT ALL,DO NOT KNOW,REFUSE TO ANSWER,REFUSE TO ANSWER,REFUSE TO ANSWER,NA
354,United States,1992,Male,20,Still Married,EXTREMELY CLOSE,No,Yes,MARRY SOMETIME,ONCE OR TWICE THIS MONTH,NOT AT ALL,"GET A PROFESSIONAL DEGREE (E.G., LAW, MEDICINE, PHD)",FAIRLY IMPORTANT,No,No,NA
355,United States,1992,Male,18,Still Married,QUITE CLOSE,No,No,MARRY SOMETIME,ONCE OR TWICE A WEEK,LESS THAN MONTHLY,GET A MASTER'S DEGREE OR MBA,FAIRLY IMPORTANT,No,No,NA
356,United States,1992,Male,22,Still Married,EXTREMELY CLOSE,No,No,MARRY SOMETIME,ONCE OR TWICE A WEEK,LESS THAN MONTHLY,"GET A PROFESSIONAL DEGREE (E.G., LAW, MEDICINE, PHD)",NOT IMPORTANT AT ALL,No,No,NA
357,United States,1992,Female,22,Still Married,EXTREMELY CLOSE,No,Yes,MARRY SOMETIME,NOT AT ALL,DAILY,GET A MASTER'S DEGREE OR MBA,VERY IMPORTANT,No,Yes,NA
358,United States,1992,Female,21,Still Married,EXTREMELY CLOSE,No,Yes,MARRY SOMETIME,ALMOST EVERYDAY,NOT AT ALL,GRADUATE FROM COLLEGE,FAIRLY IMPORTANT,Yes,REFUSE TO ANSWER,NA
359,United States,1992,Male,19,Still Married,QUITE CLOSE,No Answer,No answer,No Answer,No Answer,DAILY,STOP AFTER GRADUATING HIGH SCHOOL,VERY IMPORTANT,REFUSE TO ANSWER,No,NA
360,United States,1992,Male,21,Divorced,FAIRLY CLOSE,Yes,No,MARRY SOMETIME,No Answer,NOT AT ALL,DO NOT KNOW,REFUSE TO ANSWER,REFUSE TO ANSWER,REFUSE TO ANSWER,HARDLY EVER
362,United States,1992,Female,22,Still Married,EXTREMELY CLOSE,No,Yes,MARRY SOMETIME,ALMOST EVERYDAY,No Answer,"GET A PROFESSIONAL DEGREE (E.G., LAW, MEDICINE, PHD)",FAIRLY IMPORTANT,No,No,NA
363,United States,1992,Male,20,Still Married,FAIRLY CLOSE,No,No,MARRY SOMETIME,ONCE OR TWICE A WEEK,NOT AT ALL,GET A MASTER'S DEGREE OR MBA,FAIRLY UNIMPORTANT,No,No,NA
364,United States,1992,Male,19,Still Married,FAIRLY CLOSE,No,No,MARRY SOMETIME,ONCE OR TWICE A WEEK,NOT AT ALL,GRADUATE FROM COLLEGE,VERY IMPORTANT,No,No,NA
365,United States,1992,Male,19,Still Married,FAIRLY CLOSE,No Answer,No answer,No Answer,No Answer,DAILY,GRADUATE FROM COLLEGE,FAIRLY IMPORTANT,REFUSE TO ANSWER,Yes,NA
366,United States,1992,Male,19,Still Married,EXTREMELY CLOSE,No,No,MARRY SOMETIME,ONCE OR TWICE A WEEK,NOT AT ALL,ATTEND COLLEGE FOR 2 YEARS,FAIRLY IMPORTANT,No,No,NA
367,United States,1992,Male,19,Still Married,EXTREMELY CLOSE,No,Yes,MARRY SOMETIME,ALMOST EVERYDAY,LESS THAN MONTHLY,DO NOT KNOW,REFUSE TO ANSWER,REFUSE TO ANSWER,REFUSE TO ANSWER,NA
368,United States,1992,Male,20,Still Married,EXTREMELY CLOSE,No,Yes,MARRY SOMETIME,ONCE OR TWICE THIS MONTH,No Answer,"GET A PROFESSIONAL DEGREE (E.G., LAW, MEDICINE, PHD)",VERY IMPORTANT,No,No,NA
369,United States,1992,Female,19,Still Married,QUITE CLOSE,No,No,MARRY SOMETIME,ALMOST EVERYDAY,NOT AT ALL,GRADUATE FROM COLLEGE,FAIRLY IMPORTANT,No,No,NA
370,United States,1992,Male,20,Still Married,FAIRLY CLOSE,No,No,MARRY SOMETIME,ONCE OR TWICE A WEEK,DAILY,STOP AFTER GRADUATING HIGH SCHOOL,FAIRLY IMPORTANT,REFUSE TO ANSWER,REFUSE TO ANSWER,NA
371,United States,1992,Female,21,Still Married,EXTREMELY CLOSE,No,No,MARRY SOMETIME,ONCE OR TWICE A WEEK,No Answer,"GET A PROFESSIONAL DEGREE (E.G., LAW, MEDICINE, PHD)",VERY IMPORTANT,No,No,NA
372,United States,1992,Female,21,Still Married,No Answer,No Answer,No answer,No Answer,No Answer,NOT AT ALL,DO NOT KNOW,VERY IMPORTANT,No,No,NA
373,United States,1992,Female,21,Still Married,EXTREMELY CLOSE,No,No,MARRY SOMETIME,ONCE OR TWICE THIS MONTH,NOT AT ALL,GET A MASTER'S DEGREE OR MBA,VERY IMPORTANT,No,No,NA
374,United States,1992,Female,19,Still Married,EXTREMELY CLOSE,No,No,MARRY SOMETIME,NOT AT ALL,No Answer,DO NOT KNOW,FAIRLY IMPORTANT,No,No,NA
375,United States,1992,Male,20,Still Married,FAIRLY CLOSE,No,No,MARRY SOMETIME,ONCE OR TWICE A WEEK,NOT AT ALL,GET A MASTER'S DEGREE OR MBA,FAIRLY UNIMPORTANT,No,No,NA
376,United States,1992,Male,22,Still Married,FAIRLY CLOSE,No,No,MARRY SOMETIME,ONCE OR TWICE A WEEK,ONCE A WEEK,"GET A PROFESSIONAL DEGREE (E.G., LAW, MEDICINE, PHD)",FAIRLY UNIMPORTANT,REFUSE TO ANSWER,REFUSE TO ANSWER,NA
377,United States,1992,Male,19,Still Married,EXTREMELY CLOSE,No,Yes,MARRY SOMETIME,ALMOST EVERYDAY,DAILY,"GET A PROFESSIONAL DEGREE (E.G., LAW, MEDICINE, PHD)",FAIRLY UNIMPORTANT,No,No,NA
378,United States,1992,Female,18,Still Married,QUITE CLOSE,No,No,MARRY SOMETIME,ONCE OR TWICE A WEEK,No Answer,GRADUATE FROM COLLEGE,VERY IMPORTANT,No,No,NA
380,United States,1992,Male,19,Still Married,FAIRLY CLOSE,No,No,MARRY SOMETIME,ONCE OR TWICE THIS MONTH,ONCE A MONTH,GET A MASTER'S DEGREE OR MBA,FAIRLY IMPORTANT,No,No,NA
381,United States,1992,Female,20,Still Married,EXTREMELY CLOSE,No,Yes,MARRY SOMETIME,ALMOST EVERYDAY,DAILY,GRADUATE FROM COLLEGE,FAIRLY IMPORTANT,No,No,NA
382,United States,1992,Female,20,Still Married,FAIRLY CLOSE,No,No,MARRY SOMETIME,NOT AT ALL,No Answer,GRADUATE FROM COLLEGE,FAIRLY IMPORTANT,No,No,NA
383,United States,1992,Female,20,Still Married,FAIRLY CLOSE,No,No,MARRY SOMETIME,ALMOST EVERYDAY,ONCE A WEEK,GRADUATE FROM COLLEGE,FAIRLY IMPORTANT,Yes,No,NA
384,United States,1992,Female,19,Still Married,QUITE CLOSE,No,Yes,MARRY SOMETIME,ONCE OR TWICE A WEEK,ONCE A MONTH,GRADUATE FROM COLLEGE,VERY IMPORTANT,No,No,NA
385,United States,1992,Male,22,Still Married,FAIRLY CLOSE,No Answer,No answer,No Answer,No Answer,DAILY,STOP AFTER GRADUATING HIGH SCHOOL,FAIRLY IMPORTANT,No,No,NA
386,United States,1992,Female,22,Still Married,QUITE CLOSE,No,Yes,MARRY FAIRLY SOON,ALMOST EVERYDAY,LESS THAN MONTHLY,DO NOT KNOW,REFUSE TO ANSWER,REFUSE TO ANSWER,REFUSE TO ANSWER,NA
400,United States,1992,Female,21,Still Married,No Answer,No Answer,No answer,No Answer,No Answer,NOT AT ALL,DO NOT KNOW,REFUSE TO ANSWER,REFUSE TO ANSWER,REFUSE TO ANSWER,NA
401,United States,1992,Female,21,Still Married,EXTREMELY CLOSE,No,No,MARRY SOMETIME,ONCE OR TWICE THIS MONTH,No Answer,"GET A PROFESSIONAL DEGREE (E.G., LAW, MEDICINE, PHD)",NOT IMPORTANT AT ALL,No,No,NA
402,United States,1992,Female,20,Still Married,EXTREMELY CLOSE,No,Yes,MARRY SOMETIME,ALMOST EVERYDAY,DAILY,DO NOT KNOW,REFUSE TO ANSWER,REFUSE TO ANSWER,REFUSE TO ANSWER,NA
403,United States,1992,Male,20,Still Married,QUITE CLOSE,No,No,MARRY SOMETIME,ALMOST EVERYDAY,DAILY,STOP AFTER GRADUATING HIGH SCHOOL,FAIRLY UNIMPORTANT,REFUSE TO ANSWER,REFUSE TO ANSWER,NA
404,United States,1992,Female,22,Still Married,QUITE CLOSE,No,Yes,MARRY FAIRLY SOON,ONCE OR TWICE A WEEK,NOT AT ALL,GET A MASTER'S DEGREE OR MBA,FAIRLY IMPORTANT,No,No,NA
405,United States,1992,Male,19,Still Married,EXTREMELY CLOSE,No,No,MARRY SOMETIME,ONCE OR TWICE A WEEK,NOT AT ALL,GET A MASTER'S DEGREE OR MBA,FAIRLY UNIMPORTANT,REFUSE TO ANSWER,No,NA
406,United States,1992,Female,19,Still Married,EXTREMELY CLOSE,No,No,MARRY SOMETIME,ONCE OR TWICE A WEEK,NOT AT ALL,GET A MASTER'S DEGREE OR MBA,FAIRLY IMPORTANT,No,No,NA
407,United States,1992,Female,20,Still Married,FAIRLY CLOSE,No,Yes,MARRY SOMETIME,LESS THAN ONCE THIS MONTH,NOT AT ALL,"GET A PROFESSIONAL DEGREE (E.G., LAW, MEDICINE, PHD)",FAIRLY UNIMPORTANT,No,No,NA
408,United States,1992,Male,21,Still Married,NOT CLOSE AT ALL,No,No,MARRY SOMETIME,ONCE OR TWICE A WEEK,DAILY,DO NOT KNOW,REFUSE TO ANSWER,REFUSE TO ANSWER,REFUSE TO ANSWER,NA
409,United States,1992,Female,20,Still Married,EXTREMELY CLOSE,No Answer,No answer,No Answer,No Answer,NOT AT ALL,DO NOT KNOW,REFUSE TO ANSWER,REFUSE TO ANSWER,REFUSE TO ANSWER,NA
410,United States,1992,Female,20,Still Married,EXTREMELY CLOSE,No,No,MARRY SOMETIME,ONCE OR TWICE A WEEK,No Answer,GRADUATE FROM COLLEGE,FAIRLY UNIMPORTANT,No,No,NA
411,United States,1992,Male,21,Still Married,FAIRLY CLOSE,No,No,MARRY FAIRLY SOON,ONCE OR TWICE THIS MONTH,LESS THAN MONTHLY,"GET A PROFESSIONAL DEGREE (E.G., LAW, MEDICINE, PHD)",FAIRLY IMPORTANT,No,No,NA
412,United States,1992,Female,21,Still Married,QUITE CLOSE,No Answer,No answer,No Answer,No Answer,NOT AT ALL,GRADUATE FROM COLLEGE,FAIRLY IMPORTANT,No,No,NA
413,United States,1992,Male,21,Still Married,QUITE CLOSE,No,No,MARRY SOMETIME,NOT AT ALL,NOT AT ALL,"GET A PROFESSIONAL DEGREE (E.G., LAW, MEDICINE, PHD)",FAIRLY IMPORTANT,REFUSE TO ANSWER,REFUSE TO ANSWER,NA
414,United States,1992,Male,18,Still Married,QUITE CLOSE,No,No,MARRY SOMETIME,ONCE OR TWICE A WEEK,NOT AT ALL,GET A MASTER'S DEGREE OR MBA,FAIRLY IMPORTANT,No,No,NA
415,United States,1992,Male,22,Still Married,EXTREMELY CLOSE,No,No,MARRY SOMETIME,NOT AT ALL,NOT AT ALL,GET A MASTER'S DEGREE OR MBA,VERY IMPORTANT,No,No,NA
416,United States,1992,Male,18,Still Married,QUITE CLOSE,No,No,MARRY SOMETIME,ONCE OR TWICE THIS MONTH,LESS THAN MONTHLY,GRADUATE FROM COLLEGE,NOT IMPORTANT AT ALL,Yes,No,NA
417,United States,1992,Female,21,Still Married,QUITE CLOSE,No,Yes,MARRY SOMETIME,ONCE OR TWICE A WEEK,No Answer,GRADUATE FROM COLLEGE,VERY IMPORTANT,No,No,NA
418,United States,1992,Female,19,Still Married,EXTREMELY CLOSE,No,No,MARRY SOMETIME,ALMOST EVERYDAY,DAILY,"GET A PROFESSIONAL DEGREE (E.G., LAW, MEDICINE, PHD)",FAIRLY IMPORTANT,No,No,NA
419,United States,1992,Female,21,Still Married,QUITE CLOSE,No,No,MARRY SOMETIME,ALMOST EVERYDAY,NOT AT ALL,GET A MASTER'S DEGREE OR MBA,VERY IMPORTANT,No,No,NA
420,United States,1992,Female,22,Still Married,EXTREMELY CLOSE,No,No,MARRY SOMETIME,ONCE OR TWICE A WEEK,No Answer,GET A MASTER'S DEGREE OR MBA,VERY IMPORTANT,No,No,NA
421,United States,1992,Male,22,Still Married,FAIRLY CLOSE,No,Yes,MARRY FAIRLY SOON,NOT AT ALL,LESS THAN MONTHLY,GET A MASTER'S DEGREE OR MBA,FAIRLY IMPORTANT,No,No,NA
422,United States,1992,Male,18,Still Married,FAIRLY CLOSE,No,Yes,MARRY FAIRLY SOON,ONCE OR TWICE A WEEK,NOT AT ALL,"GET A PROFESSIONAL DEGREE (E.G., LAW, MEDICINE, PHD)",VERY IMPORTANT,No,No,NA
423,United States,1992,Female,22,Still Married,QUITE CLOSE,Yes,Yes,MARRY FAIRLY SOON,No Answer,NOT AT ALL,"GET A PROFESSIONAL DEGREE (E.G., LAW, MEDICINE, PHD)",FAIRLY UNIMPORTANT,No,No,NA
424,United States,1992,Female,21,Still Married,QUITE CLOSE,No,No,MARRY SOMETIME,ONCE OR TWICE THIS MONTH,LESS THAN MONTHLY,GRADUATE FROM COLLEGE,FAIRLY IMPORTANT,No,No,NA
425,United States,1992,Female,18,Still Married,QUITE CLOSE,No,No,MARRY SOMETIME,ONCE OR TWICE THIS MONTH,NOT AT ALL,"GET A PROFESSIONAL DEGREE (E.G., LAW, MEDICINE, PHD)",NOT IMPORTANT AT ALL,No,No,NA
426,United States,1992,Male,18,Still Married,QUITE CLOSE,No,No,MARRY SOMETIME,ONCE OR TWICE A WEEK,NOT AT ALL,STOP AFTER GRADUATING HIGH SCHOOL,FAIRLY UNIMPORTANT,No,No,NA
427,United States,1992,Male,20,Still Married,QUITE CLOSE,No,Yes,MARRY FAIRLY SOON,ALMOST EVERYDAY,No Answer,GET A MASTER'S DEGREE OR MBA,VERY IMPORTANT,REFUSE TO ANSWER,REFUSE TO ANSWER,NA
428,United States,1992,Male,19,Still Married,EXTREMELY CLOSE,Yes,Yes,MARRY FAIRLY SOON,No Answer,ONCE A WEEK,GRADUATE FROM COLLEGE,VERY IMPORTANT,Yes,REFUSE TO ANSWER,NA
429,United States,1992,Female,21,Still Married,EXTREMELY CLOSE,No,Yes,MARRY FAIRLY SOON,ALMOST EVERYDAY,No Answer,GET A MASTER'S DEGREE OR MBA,VERY IMPORTANT,No,No,NA
430,United States,1992,Male,20,Still Married,FAIRLY CLOSE,No,No,MARRY SOMETIME,LESS THAN ONCE THIS MONTH,No Answer,"GET A PROFESSIONAL DEGREE (E.G., LAW, MEDICINE, PHD)",VERY IMPORTANT,No,No,NA
431,United States,1992,Female,21,Still Married,FAIRLY CLOSE,No,No,MARRY SOMETIME,NOT AT ALL,DAILY,GET A MASTER'S DEGREE OR MBA,FAIRLY IMPORTANT,No,No,NA
432,United States,1992,Female,18,Still Married,EXTREMELY CLOSE,No,No,MARRY SOMETIME,ALMOST EVERYDAY,NOT AT ALL,GO TO VOCATIONAL OR TRADE SCHOOL,FAIRLY IMPORTANT,Yes,No,NA
433,United States,1992,Male,19,Still Married,NOT CLOSE AT ALL,No,No,MARRY SOMETIME,ONCE OR TWICE A WEEK,DAILY,GRADUATE FROM COLLEGE,FAIRLY IMPORTANT,Yes,Yes,NA
434,United States,1992,Male,21,Still Married,FAIRLY CLOSE,No,No,MARRY SOMETIME,NOT AT ALL,DAILY,DO NOT KNOW,REFUSE TO ANSWER,REFUSE TO ANSWER,REFUSE TO ANSWER,NA
435,United States,1992,Male,20,Still Married,FAIRLY CLOSE,No,No,MARRY SOMETIME,ALMOST EVERYDAY,LESS THAN MONTHLY,"GET A PROFESSIONAL DEGREE (E.G., LAW, MEDICINE, PHD)",FAIRLY IMPORTANT,No,No,NA
436,United States,1992,Female,22,Still Married,NOT CLOSE AT ALL,Yes,Yes,MARRY FAIRLY SOON,No Answer,NOT AT ALL,DO NOT KNOW,REFUSE TO ANSWER,REFUSE TO ANSWER,REFUSE TO ANSWER,NA
438,United States,1992,Female,21,Still Married,QUITE CLOSE,No,No,MARRY SOMETIME,ONCE OR TWICE THIS MONTH,No Answer,GET A MASTER'S DEGREE OR MBA,FAIRLY IMPORTANT,No,No,NA
439,United States,1992,Female,22,Still Married,QUITE CLOSE,No,No,MARRY FAIRLY SOON,ONCE OR TWICE A WEEK,LESS THAN MONTHLY,GET A MASTER'S DEGREE OR MBA,FAIRLY IMPORTANT,No,No,NA
440,United States,1992,Female,21,Still Married,EXTREMELY CLOSE,No,No,MARRY SOMETIME,ONCE OR TWICE A WEEK,No Answer,GET A MASTER'S DEGREE OR MBA,VERY IMPORTANT,No,No,NA
441,United States,1992,Male,21,Still Married,QUITE CLOSE,No,No,MARRY SOMETIME,ALMOST EVERYDAY,NOT AT ALL,"GET A PROFESSIONAL DEGREE (E.G., LAW, MEDICINE, PHD)",FAIRLY IMPORTANT,No,No,NA
442,United States,1992,Female,20,Still Married,QUITE CLOSE,No,Yes,MARRY SOMETIME,ALMOST EVERYDAY,NOT AT ALL,GET A MASTER'S DEGREE OR MBA,FAIRLY IMPORTANT,No,No,NA
443,United States,1992,Male,20,Still Married,FAIRLY CLOSE,No,No,MARRY SOMETIME,ONCE OR TWICE THIS MONTH,LESS THAN MONTHLY,GRADUATE FROM COLLEGE,VERY IMPORTANT,No,No,NA
444,United States,1992,Female,18,Divorced,EXTREMELY CLOSE,No,No,MARRY SOMETIME,ALMOST EVERYDAY,NOT AT ALL,GRADUATE FROM COLLEGE,NOT IMPORTANT AT ALL,No,No,NEVER
445,United States,1992,Male,22,Divorced,EXTREMELY CLOSE,Yes,No,MARRY SOMETIME,No Answer,NOT AT ALL,DO NOT KNOW,REFUSE TO ANSWER,REFUSE TO ANSWER,REFUSE TO ANSWER,SOMETIMES
446,United States,1992,Female,18,Still Married,EXTREMELY CLOSE,No,Yes,MARRY SOMETIME,ALMOST EVERYDAY,NOT AT ALL,RECEIVE AN ASSOCIATE'S DEGREE,FAIRLY IMPORTANT,No,No,NA
447,United States,1992,Female,20,Still Married,QUITE CLOSE,No,No,MARRY SOMETIME,ALMOST EVERYDAY,DAILY,GRADUATE FROM COLLEGE,FAIRLY IMPORTANT,Yes,No,NA
448,United States,1992,Male,22,Still Married,QUITE CLOSE,No,No,MARRY SOMETIME,ONCE OR TWICE A WEEK,LESS THAN MONTHLY,"GET A PROFESSIONAL DEGREE (E.G., LAW, MEDICINE, PHD)",FAIRLY IMPORTANT,No,Yes,NA
449,United States,1992,Male,19,Still Married,QUITE CLOSE,No,No,MARRY SOMETIME,ONCE OR TWICE A WEEK,DAILY,STOP AFTER GRADUATING HIGH SCHOOL,FAIRLY IMPORTANT,REFUSE TO ANSWER,No,NA
450,United States,1992,Male,20,Still Married,FAIRLY CLOSE,No,No,MARRY SOMETIME,ALMOST EVERYDAY,DAILY,GET A MASTER'S DEGREE OR MBA,NOT IMPORTANT AT ALL,REFUSE TO ANSWER,REFUSE TO ANSWER,NA
451,United States,1992,Male,19,Still Married,FAIRLY CLOSE,No,Yes,MARRY FAIRLY SOON,ALMOST EVERYDAY,NOT AT ALL,GRADUATE FROM COLLEGE,FAIRLY IMPORTANT,REFUSE TO ANSWER,REFUSE TO ANSWER,NA
452,United States,1992,Male,20,Still Married,FAIRLY CLOSE,No,No,MARRY SOMETIME,ONCE OR TWICE A WEEK,No Answer,GET A MASTER'S DEGREE OR MBA,FAIRLY UNIMPORTANT,No,No,NA
453,United States,1992,Male,22,Still Married,QUITE CLOSE,No,No,MARRY SOMETIME,LESS THAN ONCE THIS MONTH,NOT AT ALL,GRADUATE FROM COLLEGE,FAIRLY IMPORTANT,No,No,NA
454,United States,1992,Female,21,Still Married,EXTREMELY CLOSE,No,No,MARRY SOMETIME,ONCE OR TWICE A WEEK,ONCE A WEEK,"GET A PROFESSIONAL DEGREE (E.G., LAW, MEDICINE, PHD)",VERY IMPORTANT,Yes,No,NA
455,United States,1992,Female,19,Still Married,FAIRLY CLOSE,No,No,MARRY SOMETIME,ONCE OR TWICE THIS MONTH,LESS THAN MONTHLY,GRADUATE FROM COLLEGE,VERY IMPORTANT,No,No,NA
456,United States,1992,Male,20,Divorced,EXTREMELY CLOSE,No,No,MARRY SOMETIME,NOT AT ALL,No Answer,DO NOT KNOW,VERY IMPORTANT,No,No,NEVER
457,United States,1992,Male,20,Divorced,FAIRLY CLOSE,No Answer,No answer,No Answer,No Answer,DAILY,DO NOT KNOW,REFUSE TO ANSWER,REFUSE TO ANSWER,REFUSE TO ANSWER,NA
458,United States,1992,Female,20,Still Married,QUITE CLOSE,No,No,MARRY SOMETIME,ONCE OR TWICE THIS MONTH,NOT AT ALL,GRADUATE FROM COLLEGE,VERY IMPORTANT,No,No,NA
459,United States,1992,Female,19,Still Married,FAIRLY CLOSE,No,No,MARRY FAIRLY SOON,ALMOST EVERYDAY,No Answer,"GET A PROFESSIONAL DEGREE (E.G., LAW, MEDICINE, PHD)",NOT IMPORTANT AT ALL,No,No,NA
460,United States,1992,Female,21,Still Married,FAIRLY CLOSE,Yes,Yes,MARRY SOMETIME,No Answer,DAILY,DO NOT KNOW,REFUSE TO ANSWER,REFUSE TO ANSWER,REFUSE TO ANSWER,NA
462,United States,1992,Male,18,Still Married,EXTREMELY CLOSE,No,No,MARRY SOMETIME,NOT AT ALL,No Answer,GRADUATE FROM COLLEGE,VERY IMPORTANT,No,No,NA
463,United States,1992,Male,20,Still Married,NOT CLOSE AT ALL,Yes,Yes,NEVER MARRY,No Answer,DAILY,OTHER,NOT IMPORTANT AT ALL,No,No,NA
464,United States,1992,Male,20,Still Married,QUITE CLOSE,No,No,MARRY SOMETIME,ONCE OR TWICE A WEEK,NOT AT ALL,GET A MASTER'S DEGREE OR MBA,FAIRLY IMPORTANT,No,No,NA
465,United States,1992,Male,22,Still Married,EXTREMELY CLOSE,No,No,NEVER MARRY,ONCE OR TWICE THIS MONTH,No Answer,GRADUATE FROM COLLEGE,FAIRLY UNIMPORTANT,No,No,NA
466,United States,1992,Male,20,Still Married,EXTREMELY CLOSE,No,No,MARRY SOMETIME,ONCE OR TWICE A WEEK,LESS THAN MONTHLY,ATTEND COLLEGE FOR 2 YEARS,FAIRLY IMPORTANT,Yes,Yes,NA
467,United States,1992,Male,19,Divorced,FAIRLY CLOSE,No,No,MARRY SOMETIME,ALMOST EVERYDAY,DAILY,DO NOT KNOW,REFUSE TO ANSWER,REFUSE TO ANSWER,REFUSE TO ANSWER,SOMETIMES
468,United States,1992,Male,19,Still Married,FAIRLY CLOSE,No,No,MARRY SOMETIME,ONCE OR TWICE THIS MONTH,ONCE A WEEK,"GET A PROFESSIONAL DEGREE (E.G., LAW, MEDICINE, PHD)",FAIRLY IMPORTANT,No,No,NA
512,United States,1992,Female,21,Divorced,FAIRLY CLOSE,No,Yes,MARRY SOMETIME,ONCE OR TWICE A WEEK,NOT AT ALL,DO NOT KNOW,REFUSE TO ANSWER,REFUSE TO ANSWER,REFUSE TO ANSWER,NEVER
523,United States,1992,Female,20,Still Married,EXTREMELY CLOSE,Yes,Yes,MARRY SOMETIME,No Answer,No Answer,GRADUATE FROM COLLEGE,FAIRLY IMPORTANT,No,No,NA
3003,United States,1992,Female,21,Divorced,No Answer,No,No,MARRY SOMETIME,NOT AT ALL,NOT AT ALL,GET A MASTER'S DEGREE OR MBA,VERY IMPORTANT,REFUSE TO ANSWER,REFUSE TO ANSWER,SOMETIMES
3005,United States,1992,Male,19,Still Married,QUITE CLOSE,No,No,MARRY SOMETIME,ONCE OR TWICE A WEEK,NOT AT ALL,"GET A PROFESSIONAL DEGREE (E.G., LAW, MEDICINE, PHD)",VERY IMPORTANT,No,No,NA
3007,United States,1992,Female,20,Still Married,EXTREMELY CLOSE,No,No,MARRY SOMETIME,ONCE OR TWICE A WEEK,NOT AT ALL,"GET A PROFESSIONAL DEGREE (E.G., LAW, MEDICINE, PHD)",FAIRLY UNIMPORTANT,No,No,NA
3009,United States,1992,Female,20,Still Married,FAIRLY CLOSE,No Answer,No answer,No Answer,No Answer,No Answer,DO NOT KNOW,REFUSE TO ANSWER,REFUSE TO ANSWER,REFUSE TO ANSWER,NA
8001,United States,1992,Female,19,Divorced,EXTREMELY CLOSE,No,No,MARRY SOMETIME,ALMOST EVERYDAY,NOT AT ALL,GRADUATE FROM COLLEGE,VERY IMPORTANT,No,No,HARDLY EVER
8002,United States,1992,Female,19,Divorced,QUITE CLOSE,No,No,MARRY SOMETIME,ALMOST EVERYDAY,NOT AT ALL,ATTEND COLLEGE FOR 2 YEARS,FAIRLY IMPORTANT,REFUSE TO ANSWER,Yes,NEVER
8003,United States,1992,Female,18,Divorced,FAIRLY CLOSE,No,Yes,MARRY FAIRLY SOON,ALMOST EVERYDAY,ONCE A MONTH,GRADUATE FROM COLLEGE,FAIRLY UNIMPORTANT,No,No,NEVER
8004,United States,1992,Female,21,Divorced,EXTREMELY CLOSE,No Answer,No answer,No Answer,No Answer,DAILY,STOP AFTER GRADUATING HIGH SCHOOL,FAIRLY IMPORTANT,Yes,REFUSE TO ANSWER,NEVER
8005,United States,1992,Male,19,Divorced,EXTREMELY CLOSE,No,No,MARRY SOMETIME,ALMOST EVERYDAY,DAILY,DO NOT KNOW,REFUSE TO ANSWER,REFUSE TO ANSWER,REFUSE TO ANSWER,NEVER
8006,United States,1992,Female,21,Divorced,EXTREMELY CLOSE,No,No,MARRY SOMETIME,LESS THAN ONCE THIS MONTH,NOT AT ALL,GET A MASTER'S DEGREE OR MBA,FAIRLY IMPORTANT,No,No,NEVER
8007,United States,1992,Male,20,Divorced,EXTREMELY CLOSE,No,No,MARRY SOMETIME,ONCE OR TWICE A WEEK,No Answer,GET A MASTER'S DEGREE OR MBA,FAIRLY IMPORTANT,No,No,NEVER
8008,United States,1992,Female,21,Divorced,EXTREMELY CLOSE,No,No,MARRY SOMETIME,ONCE OR TWICE A WEEK,DAILY,GRADUATE FROM COLLEGE,NOT IMPORTANT AT ALL,REFUSE TO ANSWER,No,SOMETIMES
8009,United States,1992,Male,20,Divorced,EXTREMELY CLOSE,No,No,MARRY SOMETIME,ONCE OR TWICE A WEEK,LESS THAN MONTHLY,GET A MASTER'S DEGREE OR MBA,NOT IMPORTANT AT ALL,No,No,NA
8010,United States,1992,Female,19,Divorced,FAIRLY CLOSE,No,No,MARRY SOMETIME,ONCE OR TWICE A WEEK,DAILY,DO NOT KNOW,REFUSE TO ANSWER,REFUSE TO ANSWER,REFUSE TO ANSWER,SOMETIMES
8011,United States,1992,Female,18,Divorced,QUITE CLOSE,No,No,MARRY SOMETIME,ALMOST EVERYDAY,DAILY,GET A MASTER'S DEGREE OR MBA,FAIRLY UNIMPORTANT,REFUSE TO ANSWER,REFUSE TO ANSWER,HARDLY EVER
8012,United States,1992,Female,19,Divorced,EXTREMELY CLOSE,No,No,MARRY SOMETIME,ONCE OR TWICE THIS MONTH,No Answer,DO NOT KNOW,REFUSE TO ANSWER,REFUSE TO ANSWER,REFUSE TO ANSWER,NEVER
8013,United States,1992,Male,22,Divorced,FAIRLY CLOSE,Yes,Yes,MARRY SOMETIME,No Answer,DAILY,GET A MASTER'S DEGREE OR MBA,FAIRLY IMPORTANT,No,REFUSE TO ANSWER,NEVER
8015,United States,1992,Male,21,Divorced,EXTREMELY CLOSE,No,No,MARRY SOMETIME,ONCE OR TWICE THIS MONTH,DAILY,GET A MASTER'S DEGREE OR MBA,NOT IMPORTANT AT ALL,REFUSE TO ANSWER,No,OFTEN
8016,United States,1992,Female,18,Divorced,FAIRLY CLOSE,No,No,MARRY SOMETIME,ONCE OR TWICE A WEEK,LESS THAN MONTHLY,GET A MASTER'S DEGREE OR MBA,FAIRLY UNIMPORTANT,Yes,No,NEVER
8017,United States,1992,Female,22,Divorced,No Answer,No,No,MARRY SOMETIME,ONCE OR TWICE A WEEK,NOT AT ALL,GRADUATE FROM COLLEGE,FAIRLY IMPORTANT,No,No,NEVER
8018,United States,1992,Male,22,Divorced,FAIRLY CLOSE,No,No,MARRY SOMETIME,ONCE OR TWICE THIS MONTH,LESS THAN MONTHLY,"GET A PROFESSIONAL DEGREE (E.G., LAW, MEDICINE, PHD)",FAIRLY UNIMPORTANT,No,No,HARDLY EVER
8019,United States,1992,Female,20,Divorced,NOT CLOSE AT ALL,No,Yes,MARRY SOMETIME,ONCE OR TWICE A WEEK,No Answer,GET A MASTER'S DEGREE OR MBA,FAIRLY IMPORTANT,No,No,HARDLY EVER
8020,United States,1992,Female,20,Divorced,No Answer,No,No,MARRY SOMETIME,ONCE OR TWICE THIS MONTH,NOT AT ALL,GET A MASTER'S DEGREE OR MBA,FAIRLY UNIMPORTANT,No,No,NEVER
8021,United States,1992,Male,21,Divorced,FAIRLY CLOSE,Yes,Yes,MARRY FAIRLY SOON,No Answer,NOT AT ALL,GRADUATE FROM COLLEGE,FAIRLY IMPORTANT,REFUSE TO ANSWER,REFUSE TO ANSWER,OFTEN
8022,United States,1992,Female,18,Divorced,EXTREMELY CLOSE,Yes,No,MARRY SOMETIME,No Answer,NOT AT ALL,GRADUATE FROM COLLEGE,FAIRLY IMPORTANT,No,No,NEVER
8023,United States,1992,Female,22,Divorced,FAIRLY CLOSE,No,No,MARRY SOMETIME,NOT AT ALL,No Answer,DO NOT KNOW,REFUSE TO ANSWER,REFUSE TO ANSWER,REFUSE TO ANSWER,NEVER
8024,United States,1992,Female,19,Divorced,FAIRLY CLOSE,No,Yes,MARRY SOMETIME,ONCE OR TWICE THIS MONTH,NOT AT ALL,GET A MASTER'S DEGREE OR MBA,VERY IMPORTANT,No,No,NEVER
8025,United States,1992,Male,21,Divorced,FAIRLY CLOSE,No,No,MARRY SOMETIME,ONCE OR TWICE THIS MONTH,NOT AT ALL,DO NOT KNOW,REFUSE TO ANSWER,REFUSE TO ANSWER,REFUSE TO ANSWER,SOMETIMES
8026,United States,1992,Female,20,Divorced,EXTREMELY CLOSE,No,No,MARRY SOMETIME,ONCE OR TWICE A WEEK,DAILY,GRADUATE FROM COLLEGE,FAIRLY IMPORTANT,No,No,NEVER
8028,United States,1992,Female,19,Divorced,EXTREMELY CLOSE,Yes,Yes,MARRY SOMETIME,No Answer,DAILY,GRADUATE FROM COLLEGE,FAIRLY IMPORTANT,No,Yes,NEVER
8029,United States,1992,Female,21,Divorced,QUITE CLOSE,No Answer,No answer,No Answer,No Answer,DAILY,DO NOT KNOW,FAIRLY IMPORTANT,No,No,NEVER
8030,United States,1992,Female,19,Divorced,QUITE CLOSE,No,No,NEVER MARRY,ONCE OR TWICE A WEEK,NOT AT ALL,"GET A PROFESSIONAL DEGREE (E.G., LAW, MEDICINE, PHD)",FAIRLY IMPORTANT,No,No,SOMETIMES
8032,United States,1992,Male,20,Divorced,QUITE CLOSE,No,No,MARRY SOMETIME,ONCE OR TWICE A WEEK,ONCE A MONTH,GRADUATE FROM COLLEGE,VERY IMPORTANT,REFUSE TO ANSWER,No,NA
8033,United States,1992,Male,20,Divorced,No Answer,No,No,MARRY SOMETIME,ONCE OR TWICE THIS MONTH,NOT AT ALL,GRADUATE FROM COLLEGE,FAIRLY IMPORTANT,No,No,NEVER
8035,United States,1992,Male,21,Divorced,FAIRLY CLOSE,No,Yes,MARRY SOMETIME,ONCE OR TWICE A WEEK,NOT AT ALL,GRADUATE FROM COLLEGE,FAIRLY IMPORTANT,Yes,Yes,NEVER
8036,United States,1992,Male,21,Divorced,QUITE CLOSE,No,Yes,MARRY FAIRLY SOON,ONCE OR TWICE A WEEK,No Answer,GET A MASTER'S DEGREE OR MBA,FAIRLY IMPORTANT,No,No,NEVER
8037,United States,1992,Male,21,Divorced,QUITE CLOSE,No,No,MARRY SOMETIME,ALMOST EVERYDAY,DAILY,GET A MASTER'S DEGREE OR MBA,FAIRLY IMPORTANT,REFUSE TO ANSWER,REFUSE TO ANSWER,NEVER
8038,United States,1992,Female,20,Divorced,EXTREMELY CLOSE,No,No,MARRY SOMETIME,ONCE OR TWICE A WEEK,ONCE A WEEK,DO NOT KNOW,REFUSE TO ANSWER,REFUSE TO ANSWER,REFUSE TO ANSWER,NEVER
8039,United States,1992,Female,20,Divorced,EXTREMELY CLOSE,No,No,MARRY SOMETIME,ONCE OR TWICE A WEEK,NOT AT ALL,GET A MASTER'S DEGREE OR MBA,FAIRLY IMPORTANT,No,No,NEVER
8041,United States,1992,Male,18,Divorced,QUITE CLOSE,No,No,MARRY SOMETIME,ONCE OR TWICE THIS MONTH,No Answer,GET A MASTER'S DEGREE OR MBA,FAIRLY UNIMPORTANT,No,No,NEVER
8042,United States,1992,Male,22,Divorced,NOT CLOSE AT ALL,Yes,Yes,MARRY FAIRLY SOON,No Answer,DAILY,GET A MASTER'S DEGREE OR MBA,VERY IMPORTANT,REFUSE TO ANSWER,REFUSE TO ANSWER,SOMETIMES
8043,United States,1992,Male,20,Divorced,No Answer,No,No,MARRY SOMETIME,ALMOST EVERYDAY,DAILY,"GET A PROFESSIONAL DEGREE (E.G., LAW, MEDICINE, PHD)",FAIRLY UNIMPORTANT,REFUSE TO ANSWER,REFUSE TO ANSWER,OFTEN
8044,United States,1992,Male,19,Divorced,No Answer,Yes,Yes,MARRY FAIRLY SOON,No Answer,DAILY,GRADUATE FROM COLLEGE,FAIRLY UNIMPORTANT,Yes,REFUSE TO ANSWER,SOMETIMES
8045,United States,1992,Male,21,Divorced,QUITE CLOSE,No,No,MARRY FAIRLY SOON,LESS THAN ONCE THIS MONTH,NOT AT ALL,GET A MASTER'S DEGREE OR MBA,FAIRLY IMPORTANT,No,Yes,NEVER
8046,United States,1992,Male,20,Divorced,FAIRLY CLOSE,No,Yes,MARRY FAIRLY SOON,ONCE OR TWICE A WEEK,NOT AT ALL,GRADUATE FROM COLLEGE,FAIRLY IMPORTANT,No,No,HARDLY EVER
8048,United States,1992,Female,20,Divorced,QUITE CLOSE,No,No,MARRY FAIRLY SOON,ONCE OR TWICE A WEEK,NOT AT ALL,GET A MASTER'S DEGREE OR MBA,VERY IMPORTANT,No,No,NEVER
8049,United States,1992,Female,20,Divorced,FAIRLY CLOSE,No,No,MARRY SOMETIME,ONCE OR TWICE A WEEK,NOT AT ALL,"GET A PROFESSIONAL DEGREE (E.G., LAW, MEDICINE, PHD)",VERY IMPORTANT,No,No,NEVER
8051,United States,1992,Female,19,Divorced,No Answer,No,No,MARRY SOMETIME,ONCE OR TWICE THIS MONTH,DAILY,GO TO VOCATIONAL OR TRADE SCHOOL,FAIRLY IMPORTANT,No,No,NEVER
8052,United States,1992,Male,19,Divorced,QUITE CLOSE,No,Yes,MARRY SOMETIME,ALMOST EVERYDAY,NOT AT ALL,DO NOT KNOW,REFUSE TO ANSWER,REFUSE TO ANSWER,REFUSE TO ANSWER,HARDLY EVER
8053,United States,1992,Male,19,Divorced,FAIRLY CLOSE,No,No,MARRY SOMETIME,ONCE OR TWICE A WEEK,NOT AT ALL,GET A MASTER'S DEGREE OR MBA,NOT IMPORTANT AT ALL,No,No,OFTEN
8054,United States,1992,Female,20,Divorced,FAIRLY CLOSE,No,Yes,MARRY SOMETIME,ONCE OR TWICE A WEEK,DAILY,GRADUATE FROM COLLEGE,VERY IMPORTANT,No,No,NEVER
8055,United States,1992,Female,18,Divorced,QUITE CLOSE,No,No,MARRY SOMETIME,ALMOST EVERYDAY,DAILY,GRADUATE FROM COLLEGE,FAIRLY IMPORTANT,No,No,HARDLY EVER
8056,United States,1992,Male,22,Divorced,QUITE CLOSE,No,Yes,MARRY SOMETIME,ONCE OR TWICE THIS MONTH,LESS THAN MONTHLY,"GET A PROFESSIONAL DEGREE (E.G., LAW, MEDICINE, PHD)",NOT IMPORTANT AT ALL,No,No,NEVER
8057,United States,1992,Male,20,Divorced,NOT CLOSE AT ALL,Yes,No,MARRY SOMETIME,No Answer,DAILY,DO NOT KNOW,NOT IMPORTANT AT ALL,REFUSE TO ANSWER,REFUSE TO ANSWER,SOMETIMES